timestamp,cpc
2011-07-09 09:15:01,0.34578125
2011-07-09 15:15:01,0.133918069867
2011-07-09 17:15:01,0.150357746845
2011-07-09 18:15:01,0.203111864407
2011-07-09 19:15:01,0.130078543377
2011-07-09 20:15:01,0.167640449438
2011-07-09 21:15:01,0.113326102675
2011-07-09 22:15:01,0.206984732824
2011-07-09 23:15:01,0.245220125786
2011-07-10 00:15:01,0.218996282528
2011-07-10 01:15:01,0.175434131737
2011-07-10 02:15:01,0.15997638724899998
2011-07-10 03:15:01,0.102847736626
2011-07-10 04:15:01,0.133527934714
2011-07-10 05:15:01,0.13079829696599998
2011-07-10 06:15:01,0.142358490566
2011-07-10 07:15:01,0.118586849853
2011-07-10 08:15:01,0.23673151751
2011-07-10 09:15:01,0.255961538462
2011-07-10 10:15:01,0.200746268657
2011-07-10 11:15:01,0.259387755102
2011-07-10 12:15:01,0.311612903226
2011-07-10 13:15:01,0.317843137255
2011-07-10 14:15:01,0.239368421053
2011-07-10 15:15:01,0.264626168224
2011-07-10 16:15:01,0.240777777778
2011-07-10 17:15:01,0.228554216867
2011-07-10 18:15:01,0.15796
2011-07-10 19:15:01,0.143783359498
2011-07-10 20:15:01,0.148010948905
2011-07-10 21:15:01,0.160905550146
2011-07-10 22:15:01,0.145347776511
2011-07-10 23:15:01,0.155945121951
2011-07-11 00:15:01,0.136297468354
2011-07-11 01:15:01,0.164156769596
2011-07-11 02:15:01,0.124148727984
2011-07-11 03:15:01,0.141942344045
2011-07-11 04:15:01,0.13649411764699998
2011-07-11 05:15:01,0.146881275842
2011-07-11 06:15:01,0.5351671106524872
2011-07-11 07:15:01,0.157718978102
2011-07-11 08:15:01,0.138475120385
2011-07-11 09:15:01,0.136170212766
2011-07-11 10:15:01,0.275098039216
2011-07-11 11:15:01,0.4325
2011-07-11 12:15:01,0.333389830508
2011-07-11 13:15:01,0.316944444444
2011-07-11 14:15:01,0.301511627907
2011-07-11 15:15:01,0.195191637631
2011-07-11 16:15:01,0.159351145038
2011-07-11 17:15:01,0.145196471532
2011-07-11 18:15:01,0.09437853107339997
2011-07-11 19:15:01,0.0936181756528
2011-07-11 20:15:01,0.0955099293167
2011-07-11 21:15:01,0.0875148456057
2011-07-11 22:15:01,0.101887323944
2011-07-11 23:15:01,0.0932715820674
2011-07-12 00:15:01,0.08018697829719999
2011-07-12 01:15:01,0.107423208191
2011-07-12 02:15:01,0.122129554656
2011-07-12 03:15:01,0.118618346546
2011-07-12 04:15:01,0.121473647712
2011-07-12 05:15:01,0.122239309827
2011-07-12 06:15:01,0.13008224479900002
2011-07-12 07:15:01,0.119370415648
2011-07-12 08:15:01,0.192372654155
2011-07-12 09:15:01,0.15417910447799998
2011-07-12 10:15:01,0.156139705882
2011-07-12 11:15:01,0.153510638298
2011-07-12 12:15:01,0.216650717703
2011-07-12 13:15:01,0.129122516556
2011-07-12 14:15:01,0.22879350348
2011-07-12 15:15:01,0.16101138647
2011-07-12 16:15:01,0.15261954262
2011-07-12 17:15:01,0.15297872340399998
2011-07-12 18:15:01,0.132756240042
2011-07-12 19:15:01,0.129964483031
2011-07-12 20:15:01,0.15354601227
2011-07-12 21:15:01,0.167512367491
2011-07-12 22:15:01,0.154508320726
2011-07-12 23:15:01,0.112512195122
2011-07-13 00:15:01,0.148014184397
2011-07-13 01:15:01,0.169751908397
2011-07-13 02:15:01,0.15028150134
2011-07-13 03:15:01,0.133869463869
2011-07-13 04:15:01,0.132169715447
2011-07-13 05:15:01,0.129479535119
2011-07-13 06:15:01,0.139127906977
2011-07-13 07:15:01,0.15101424979
2011-07-13 08:15:01,0.175512010114
2011-07-13 09:15:01,0.175958646617
2011-07-13 10:15:01,0.169254237288
2011-07-13 11:15:01,0.228617021277
2011-07-13 12:15:01,0.258172588832
2011-07-13 13:15:01,0.213432432432
2011-07-13 14:15:01,0.105857142857
2011-07-13 15:15:01,0.158034006376
2011-07-13 16:15:01,0.140938438438
2011-07-13 17:15:01,0.150185799602
2011-07-13 18:15:01,0.132851669403
2011-07-13 19:15:01,0.13836593785999998
2011-07-13 20:15:01,0.151510282776
2011-07-13 21:15:01,0.159337270341
2011-07-13 22:15:01,0.121835268104
2011-07-13 23:15:01,0.145459795646
2011-07-14 00:15:01,0.131162561576
2011-07-14 01:15:01,0.120149253731
2011-07-14 02:15:01,0.104272493573
2011-07-14 03:15:01,0.0982119360902
2011-07-14 04:15:01,0.0969272030651
2011-07-14 05:15:01,0.0977994011976
2011-07-14 06:15:01,0.0942741935484
2011-07-14 07:15:01,0.13711435149700002
2011-07-14 08:15:01,0.110455341506
2011-07-14 09:15:01,0.132583201268
2011-07-14 10:15:01,0.905384615385
2011-07-14 11:15:01,0.929024390244
2011-07-14 12:15:01,0.080628742515
2011-07-14 13:15:01,0.234353982301
2011-07-14 14:15:01,0.219498480243
2011-07-14 15:15:01,0.109202453988
2011-07-14 16:15:01,0.14149825784000006
2011-07-14 17:15:01,0.140991957105
2011-07-14 18:15:01,0.109823451033
2011-07-14 19:15:01,0.105365853659
2011-07-14 20:15:01,0.115941305027
2011-07-14 21:15:01,0.100774410774
2011-07-14 22:15:01,0.11730255164
2011-07-14 23:15:01,0.0914271151886
2011-07-15 00:15:01,0.0999763942166
2011-07-15 01:15:01,0.12420043573
2011-07-15 02:15:01,0.106020898051
2011-07-15 03:15:01,0.10282315428
2011-07-15 04:15:01,0.0991451117931
2011-07-15 05:15:01,0.0938920262028
2011-07-15 06:15:01,0.11195137556
2011-07-15 07:15:01,0.0975516449885
2011-07-15 08:15:01,0.113910293272
2011-07-15 09:15:01,0.134588969823
2011-07-15 10:15:01,0.146608863198
2011-07-15 11:15:01,0.156511627907
2011-07-15 12:15:01,0.21465408805
2011-07-15 13:15:01,0.224078014184
2011-07-15 14:15:01,0.154351648352
2011-07-15 15:15:01,0.109958868895
2011-07-15 16:15:01,0.137310679612
2011-07-15 17:15:01,0.109104735569
2011-07-15 18:15:01,0.0982808798646
2011-07-15 19:15:01,0.11754552352
2011-07-15 20:15:01,0.0889911655742
2011-07-15 21:15:01,0.11289904502
2011-07-15 22:15:01,0.101403390969
2011-07-15 23:15:01,0.0668030888031
2011-07-16 00:15:01,0.121771653543
2011-07-16 01:15:01,0.131725858527
2011-07-16 02:15:01,0.133956783564
2011-07-16 03:15:01,0.117522584177
2011-07-16 04:15:01,0.112670327435
2011-07-16 05:15:01,0.0972860935266
2011-07-16 06:15:01,0.0980245649949
2011-07-16 07:15:01,0.0919003404519
2011-07-16 08:15:01,0.116577801959
2011-07-16 09:15:01,0.128799102132
2011-07-16 10:15:01,0.16840707964600002
2011-07-16 11:15:01,0.182575757576
2011-07-16 12:15:01,0.189291338583
2011-07-16 13:15:01,0.23812039312
2011-07-16 14:15:01,0.115591182365
2011-07-16 15:15:01,0.107126168224
2011-07-16 16:15:01,0.141284296556
2011-07-16 17:15:01,0.0946594481313
2011-07-16 18:15:01,0.0942366412214
2011-07-16 19:15:01,0.127298161471
2011-07-16 22:15:01,0.102792036694
2011-07-16 23:15:01,0.113004797209
2011-07-17 00:15:01,0.0771113306983
2011-07-17 01:15:01,0.120816471424
2011-07-17 02:15:01,0.122554900911
2011-07-17 03:15:01,0.114484643415
2011-07-17 04:15:01,0.114307578376
2011-07-17 05:15:01,0.0993754182467
2011-07-17 06:15:01,0.0992132564841
2011-07-17 07:15:01,0.0986905187835
2011-07-17 08:15:01,0.135389090909
2011-07-17 09:15:01,0.121842385517
2011-07-17 10:15:01,0.16732251521299998
2011-07-17 11:15:01,0.17
2011-07-17 12:15:01,0.183907563025
2011-07-17 13:15:01,0.132602230483
2011-07-17 14:15:01,0.161038575668
2011-07-17 15:15:01,0.17799580272799995
2011-07-17 16:15:01,0.0952519762846
2011-07-17 17:15:01,0.127944685466
2011-07-17 18:15:01,0.0854723346829
2011-07-17 19:15:01,0.11407226959
2011-07-17 20:15:01,0.113168660749
2011-07-17 21:15:01,0.08552383755149999
2011-07-17 22:15:01,0.10865648855
2011-07-17 23:15:01,0.100094339623
2011-07-18 00:15:01,0.0750572519084
2011-07-18 01:15:01,0.113049555273
2011-07-18 02:15:01,0.10868286445
2011-07-18 03:15:01,0.107530656408
2011-07-18 04:15:01,0.0980018103643
2011-07-18 05:15:01,0.09244082519
2011-07-18 06:15:01,0.0976024705222
2011-07-18 07:15:01,0.100740474479
2011-07-18 08:15:01,0.141909246575
2011-07-18 09:15:01,0.737960441534164
2011-07-18 10:15:01,0.14354910714299998
2011-07-18 11:15:01,0.169227941176
2011-07-18 12:15:01,0.243670411985
2011-07-18 13:15:01,0.189020501139
2011-07-18 14:15:01,0.105336990596
2011-07-18 15:15:01,0.165525629887
2011-07-18 16:15:01,0.115012
2011-07-18 17:15:01,0.146530892449
2011-07-18 18:15:01,0.101555815998
2011-07-18 19:15:01,0.101369179601
2011-07-18 20:15:01,0.121463660834
2011-07-18 21:15:01,0.111030521825
2011-07-18 22:15:01,0.0851863041289
2011-07-18 23:15:01,0.103551431268
2011-07-19 00:15:01,0.0929201902748
2011-07-19 01:15:01,0.122923861852
2011-07-19 02:15:01,0.114818885836
2011-07-19 03:15:01,0.103286152394
2011-07-19 04:15:01,0.10365589111
2011-07-19 05:15:01,0.0857643665409
2011-07-19 06:15:01,0.0895652173913
2011-07-19 07:15:01,0.096072319202
2011-07-19 08:15:01,0.127231060606
2011-07-19 09:15:01,0.134073033708
2011-07-19 10:15:01,0.17283854166700002
2011-07-19 11:15:01,0.188893617021
2011-07-19 12:15:01,0.2149609375
2011-07-19 13:15:01,0.08611926605499999
2011-07-19 14:15:01,0.196617647059
2011-07-19 15:15:01,0.166262265834
2011-07-19 16:15:01,0.111147058824
2011-07-19 17:15:01,0.07254535459039999
2011-07-19 18:15:01,0.121498605022
2011-07-19 19:15:01,0.0848130968622
2011-07-19 20:15:01,0.111433962264
2011-07-19 21:15:01,0.05669386169390001
2011-07-19 22:15:01,0.102495905667
2011-07-19 23:15:01,0.0980136286201
2011-07-20 00:15:01,0.07167464114830001
2011-07-20 01:15:01,0.11152
2011-07-20 02:15:01,0.107303370787
2011-07-20 03:15:01,0.105507749248
2011-07-20 04:15:01,0.0979197530864
2011-07-20 05:15:01,0.088651636679
2011-07-20 06:15:01,0.0995587781549
2011-07-20 07:15:01,0.102501797268
2011-07-20 08:15:01,0.0975115030675
2011-07-20 09:15:01,0.128932038835
2011-07-20 10:15:01,0.989074074074
2011-07-20 11:15:01,1.034
2011-07-20 12:15:01,0.07201958384330001
2011-07-20 13:15:01,0.224376528117
2011-07-20 14:15:01,0.168371501272
2011-07-20 15:15:01,0.150963748895
2011-07-20 16:15:01,0.0972506619594
2011-07-20 17:15:01,0.0928123874685
2011-07-20 18:15:01,0.120405991328
2011-07-20 19:15:01,0.0833705114255
2011-07-20 20:15:01,0.104474854601
2011-07-20 21:15:01,0.0879897473453
2011-07-20 22:15:01,0.0907471264368
2011-07-20 23:15:01,0.6831454463142302
2011-07-21 00:15:01,0.0518366500829
2011-07-21 01:15:01,0.105611555009
2011-07-21 02:15:01,0.106565029682
2011-07-21 03:15:01,0.09680931107449996
2011-07-21 04:15:01,0.0909211618257
2011-07-21 05:15:01,0.0922848129788
2011-07-21 06:15:01,0.0945566361556
2011-07-21 07:15:01,0.0911229188806
2011-07-21 08:15:01,0.0957755359395
2011-07-21 09:15:01,0.124945205479
2011-07-21 10:15:01,0.135218579235
2011-07-21 11:15:01,0.137637795276
2011-07-21 12:15:01,0.140516304348
2011-07-21 13:15:01,0.180166270784
2011-07-21 14:15:01,0.19986631016
2011-07-21 15:15:01,0.101
2011-07-21 16:15:01,0.127293785311
2011-07-21 17:15:01,0.0959362254357
2011-07-21 18:15:01,0.142176870748
2011-07-21 22:15:01,0.0933480364257
2011-07-22 00:15:01,0.07802545155989997
2011-07-22 01:15:01,0.0975723763571
2011-07-22 02:15:01,0.0951793248945
2011-07-22 03:15:01,0.0936876609693
2011-07-22 04:15:01,0.08655225185830001
2011-07-22 05:15:01,0.08980806979280001
2011-07-22 06:15:01,0.0996096440873
2011-07-22 07:15:01,0.111351351351
2011-07-22 08:15:01,0.0980949241925
2011-07-22 09:15:01,0.11395049505
2011-07-22 10:15:01,0.107567567568
2011-07-22 11:15:01,0.13404494382
2011-07-22 12:15:01,0.192386363636
2011-07-22 13:15:01,0.198952380952
2011-07-22 14:15:01,0.117111731844
2011-07-22 15:15:01,0.124281391831
2011-07-22 16:15:01,0.110217261905
2011-07-22 17:15:01,0.0943178294574
2011-07-22 18:15:01,0.0908305136881
2011-07-22 19:15:01,0.123542435424
2011-07-22 20:15:01,0.104650176678
2011-07-22 21:15:01,0.0914649470899
2011-07-22 22:15:01,0.07267491670630001
2011-07-22 23:15:01,0.0800471698113
2011-07-23 03:15:01,0.0989130434783
2011-07-23 05:15:01,0.0907375415282
2011-07-23 06:15:01,0.091341209173
2011-07-23 07:15:01,0.0971321424689
2011-07-23 08:15:01,0.08195749440719999
2011-07-23 11:15:01,0.151049822064
2011-07-23 12:15:01,0.101444108761
2011-07-23 13:15:01,0.22393220339000008
2011-07-23 14:15:01,0.187859375
2011-07-23 15:15:01,0.109003601441
2011-07-23 16:15:01,0.143954983923
2011-07-23 17:15:01,0.12595705968
2011-07-23 18:15:01,0.0987919684003
2011-07-23 19:15:01,0.110153005464
2011-07-23 20:15:01,0.08966106218310001
2011-07-23 21:15:01,0.0941915782707
2011-07-23 22:15:01,0.081140782992
2011-07-23 23:15:01,0.0916932341481
2011-07-24 00:15:01,0.0639505347594
2011-07-24 01:15:01,0.160633111744
2011-07-24 02:15:01,0.12546644388699998
2011-07-24 03:15:01,0.0974852941176
2011-07-24 04:15:01,0.08418484635230003
2011-07-24 05:15:01,0.0834014921249
2011-07-24 06:15:01,0.09347487615
2011-07-24 07:15:01,0.0934822546973
2011-07-24 08:15:01,0.100685785536
2011-07-24 09:15:01,0.121064162754
2011-07-24 10:15:01,0.118303797468
2011-07-24 11:15:01,0.147348484848
2011-07-24 12:15:01,0.200819672131
2011-07-24 13:15:01,0.180408805031
2011-07-24 14:15:01,0.178045454545
2011-07-24 15:15:01,0.11107954545499996
2011-07-24 16:15:01,0.100021130481
2011-07-24 17:15:01,0.0987787954482
2011-07-24 18:15:01,0.08489361702130001
2011-07-24 19:15:01,0.0947592385218
2011-07-24 20:15:01,0.0863389953018
2011-07-24 21:15:01,0.0907282693814
2011-07-24 22:15:01,0.0922506393862
2011-07-24 23:15:01,0.08250871080139999
2011-07-25 00:15:01,0.08509397278030001
2011-07-25 01:15:01,0.146365663322
2011-07-25 02:15:01,0.107725210629
2011-07-25 03:15:01,0.114809228039
2011-07-25 04:15:01,0.091624980086
2011-07-25 05:15:01,0.0836703958692
2011-07-25 06:15:01,0.0940147420147
2011-07-25 07:15:01,0.105398262129
2011-07-25 08:15:01,0.101132673267
2011-07-25 09:15:01,0.137182175623
2011-07-25 10:15:01,0.156112469438
2011-07-25 11:15:01,0.181365461847
2011-07-25 12:15:01,0.22447154471500005
2011-07-25 13:15:01,0.240750670241
2011-07-25 14:15:01,0.112738287561
2011-07-25 15:15:01,0.160398886827
2011-07-25 16:15:01,0.103549802545
2011-07-25 17:15:01,0.094904751478
2011-07-25 18:15:01,0.102609009009
2011-07-25 19:15:01,0.0837307692308
2011-07-25 20:15:01,0.068001002004
2011-07-25 21:15:01,0.0776865671642
2011-07-25 22:15:01,0.08721101504960001
2011-07-25 23:15:01,0.0702855543113
2011-07-26 00:15:01,0.07342105263160001
2011-07-26 01:15:01,0.091136428368
2011-07-26 02:15:01,0.101918694977
2011-07-26 03:15:01,0.08886761615689999
2011-07-26 04:15:01,0.105303215303
2011-07-26 05:15:01,0.07839327225489999
2011-07-26 06:15:01,0.09665976331360003
2011-07-26 07:15:01,0.0920613542836
2011-07-26 08:15:01,0.103034663179
2011-07-26 09:15:01,0.124340101523
2011-07-26 10:15:01,0.162175925926
2011-07-26 11:15:01,0.185836431227
2011-07-26 12:15:01,0.194464944649
2011-07-26 13:15:01,0.198159806295
2011-07-26 14:15:01,0.199710638298
2011-07-26 15:15:01,0.0580671641791
2011-07-26 16:15:01,0.143149575944
2011-07-26 17:15:01,0.0916963385959
2011-07-26 19:15:01,0.08859456093000001
2011-07-26 20:15:01,0.106783461808
2011-07-26 21:15:01,0.08725897493789997
2011-07-26 22:15:01,0.0762463235294
2011-07-26 23:15:01,0.07059921414539999
2011-07-27 00:15:01,0.0763135888502
2011-07-27 01:15:01,0.10203465982
2011-07-27 02:15:01,0.0942817679558
2011-07-27 05:15:01,0.0897623966942
2011-07-27 06:15:01,0.09127723067739996
2011-07-27 07:15:01,0.0948953974895
2011-07-27 08:15:01,0.108143515471
2011-07-27 09:15:01,0.117656862745
2011-07-27 10:15:01,0.122840909091
2011-07-27 11:15:01,0.114534883721
2011-07-27 12:15:01,0.2174609375
2011-07-27 13:15:01,0.210926365796
2011-07-27 14:15:01,0.122508610792
2011-07-27 15:15:01,0.13678141136
2011-07-27 16:15:01,0.10667075413899996
2011-07-27 17:15:01,0.104843950406
2011-07-27 18:15:01,0.0870398084406
2011-07-27 19:15:01,0.106177402323
2011-07-27 20:15:01,0.0599344262295
2011-07-27 21:15:01,0.105376415723
2011-07-27 22:15:01,0.0799391143911
2011-07-27 23:15:01,0.0773174061433
2011-07-28 00:15:01,0.07583873290139999
2011-07-28 01:15:01,0.10138317757
2011-07-28 02:15:01,0.0976764625103
2011-07-28 03:15:01,0.0988295165394
2011-07-28 04:15:01,0.0909731616845
2011-07-28 05:15:01,0.08181655172410003
2011-07-28 06:15:01,0.08304776739360001
2011-07-28 07:15:01,0.16709039548
2011-07-28 08:15:01,0.0987413554633
2011-07-28 09:15:01,0.141718882303
2011-07-28 10:15:01,0.0388988476312
2011-07-28 11:15:01,0.21362962963
2011-07-28 12:15:01,0.239086419753
2011-07-28 13:15:01,0.156823529412
2011-07-28 14:15:01,0.190647773279
2011-07-28 15:15:01,0.0966312255176
2011-07-28 16:15:01,0.0963229056204
2011-07-28 17:15:01,0.105487906589
2011-07-28 18:15:01,0.0824396507447
2011-07-28 19:15:01,0.0979628443306
2011-07-28 20:15:01,0.08110240078389999
2011-07-28 21:15:01,0.0845043153721
2011-07-28 22:15:01,0.07183900226760001
2011-07-28 23:15:01,0.0821175799087
2011-07-29 00:15:01,0.0637849610271
2011-07-29 01:15:01,0.0902959618761
2011-07-29 02:15:01,0.0889792311091
2011-07-29 03:15:01,0.7230593598836241
2011-07-29 04:15:01,0.0848156764495
2011-07-29 05:15:01,0.082030546309
2011-07-29 06:15:01,0.0903957977034
2011-07-29 07:15:01,0.08493030303030001
2011-07-29 08:15:01,0.1085
2011-07-29 09:15:01,0.154952380952
2011-07-29 10:15:01,0.166717557252
2011-07-29 11:15:01,0.220575221239
2011-07-29 12:15:01,0.225911111111
2011-07-29 13:15:01,0.0764184008762
2011-07-29 14:15:01,0.181203208556
2011-07-29 15:15:01,0.0644422507404
2011-07-29 16:15:01,0.115680525164
2011-07-29 17:15:01,0.104240282686
2011-07-29 18:15:01,0.08959622443630001
2011-07-29 19:15:01,0.126490486258
2011-07-29 20:15:01,0.0862436745815
2011-07-29 21:15:01,0.0921919823465
2011-07-29 22:15:01,0.08622149837130001
2011-07-29 23:15:01,0.0731267507003
2011-07-30 00:15:01,0.07856820744080001
2011-07-30 01:15:01,0.09937118902439998
2011-07-30 02:15:01,0.09193230364769996
2011-07-30 03:15:01,0.101687937423
2011-07-30 04:15:01,0.07590296495960001
2011-07-30 05:15:01,0.08873104997189997
2011-07-30 06:15:01,0.0906718266254
2011-07-30 07:15:01,0.0951209823041
2011-07-30 08:15:01,0.0996332644628
2011-07-30 09:15:01,0.13197322468
2011-07-30 10:15:01,0.08570388349510001
2011-07-30 11:15:01,0.14891959799
2011-07-30 12:15:01,0.168258928571
2011-07-30 13:15:01,0.159104477612
2011-07-30 14:15:01,0.145816226784
2011-07-30 15:15:01,0.100777724436
2011-07-30 16:15:01,0.105555555556
2011-07-30 17:15:01,0.08184418746199999
2011-07-30 20:15:01,0.0879527836505
2011-07-30 21:15:01,0.0849855907781
2011-07-30 22:15:01,0.0681134624043
2011-07-30 23:15:01,0.07765223771089999
2011-07-31 00:15:01,0.06278926955400001
2011-07-31 01:15:01,0.0995196658545
2011-07-31 02:15:01,0.0926174306735
2011-07-31 04:15:01,0.0893898678414
2011-07-31 05:15:01,0.0849519850939
2011-07-31 06:15:01,0.08768153230419999
2011-07-31 07:15:01,0.0953796889296
2011-07-31 08:15:01,0.0908679555738
2011-07-31 09:15:01,0.117303921569
2011-07-31 10:15:01,0.10824120603
2011-07-31 11:15:01,0.146772727273
2011-07-31 12:15:01,0.14162962963
2011-07-31 13:15:01,0.211604395604
2011-07-31 14:15:01,0.15183833115999998
2011-07-31 15:15:01,0.112491003599
2011-07-31 16:15:01,0.0865470343785
2011-07-31 17:15:01,0.105751510574
2011-07-31 18:15:01,0.0643436204514
2011-07-31 19:15:01,0.0916587112172
2011-07-31 20:15:01,0.7118501988834225
2011-07-31 21:15:01,0.0750024515813
2011-07-31 23:15:01,0.0823037357878
2011-08-01 00:15:01,0.0756299972429
2011-08-01 03:15:01,0.0920361687877
2011-08-01 05:15:01,0.08795821755689999
2011-08-01 06:15:01,0.0845185127567
2011-08-01 07:15:01,0.0829971288321
2011-08-01 08:15:01,0.12687032419000002
2011-08-01 09:15:01,0.133337563452
2011-08-01 10:15:01,0.128338658147
2011-08-01 11:15:01,0.150143884892
2011-08-01 12:15:01,0.206345323741
2011-08-01 13:15:01,0.0524591947769
2011-08-01 14:15:01,0.162529147982
2011-08-01 15:15:01,0.105396275444
2011-08-01 16:15:01,0.127360120165
2011-08-01 17:15:01,0.0943158410986
2011-08-01 18:15:01,0.095773165741
2011-08-01 20:15:01,0.0847086801427
2011-08-01 21:15:01,0.088880550344
2011-08-01 23:15:01,0.0763381239076
2011-08-02 00:15:01,0.06993745956439999
2011-08-02 01:15:01,0.0989351851852
2011-08-02 02:15:01,0.0912941576087
2011-08-02 03:15:01,0.07854234102539999
2011-08-02 05:15:01,0.0771185940038
2011-08-02 06:15:01,0.0829368668596
2011-08-02 07:15:01,0.0850682551502
2011-08-02 08:15:01,0.12412
2011-08-02 09:15:01,0.112666139241
2011-08-02 10:15:01,0.143494860499
2011-08-02 11:15:01,0.22078680203
2011-08-02 12:15:01,0.126043723554
2011-08-02 13:15:01,0.16306010929
2011-08-02 14:15:01,0.166832239925
2011-08-02 15:15:01,0.130156293609
2011-08-02 16:15:01,0.09841803865430004
2011-08-02 18:15:01,0.08875537505969999
2011-08-02 19:15:01,0.0970255206806
2011-08-02 20:15:01,0.0916525023607
2011-08-02 21:15:01,0.08440955004589999
2011-08-02 22:15:01,0.11612281926
2011-08-02 23:15:01,0.0768802498385
2011-08-03 00:15:01,0.0418443904133
2011-08-03 01:15:01,0.109948207171
2011-08-03 02:15:01,0.1159
2011-08-03 03:15:01,0.0945074539608
2011-08-03 04:15:01,0.0775527057223
2011-08-03 05:15:01,0.08654308782339999
2011-08-03 06:15:01,0.0932578125
2011-08-03 07:15:01,0.10190795353
2011-08-03 08:15:01,0.110943544171
2011-08-03 09:15:01,0.137595944967
2011-08-03 10:15:01,0.136693548387
2011-08-03 11:15:01,0.197251585624
2011-08-03 12:15:01,0.208998482549
2011-08-03 13:15:01,0.207381275441
2011-08-03 14:15:01,0.113402225755
2011-08-03 15:15:01,0.0998398169336
2011-08-03 17:15:01,0.12625895159000006
2011-08-03 18:15:01,0.0847558278033
2011-08-03 19:15:01,0.107227920228
2011-08-03 20:15:01,0.09944398109539998
2011-08-03 21:15:01,0.104109318406
2011-08-03 22:15:01,0.124832317073
2011-08-03 23:15:01,0.14631926121400002
2011-08-04 00:15:01,0.11533428165
2011-08-04 01:15:01,0.5470342328571781
2011-08-04 02:15:01,0.102111553785
2011-08-04 03:15:01,0.13260353021
2011-08-04 04:15:01,0.0987815912637
2011-08-04 05:15:01,0.08044780927839999
2011-08-04 06:15:01,0.101264438944
2011-08-04 07:15:01,0.111465468838
2011-08-04 08:15:01,0.7687693879733866
2011-08-04 09:15:01,0.121553113553
2011-08-04 10:15:01,0.14638297872300002
2011-08-04 11:15:01,0.161002227171
2011-08-04 12:15:01,0.193961038961
2011-08-04 13:15:01,0.109614035088
2011-08-04 14:15:01,0.16697254902
2011-08-04 16:15:01,0.101497776738
2011-08-04 17:15:01,0.13928618205600002
2011-08-04 18:15:01,0.091172796669
2011-08-04 19:15:01,0.0962545644236
2011-08-04 20:15:01,0.212868225898
2011-08-04 21:15:01,0.07968362034439999
2011-08-04 22:15:01,0.0949498069498
2011-08-04 23:15:01,0.077497509464
2011-08-05 00:15:01,0.09016338028169996
2011-08-05 01:15:01,0.08567480501869999
2011-08-05 02:15:01,0.102514619883
2011-08-05 03:15:01,0.117256289308
2011-08-05 04:15:01,0.0919001574095
2011-08-05 05:15:01,0.101946721311
2011-08-05 06:15:01,0.09669613486839998
2011-08-05 07:15:01,0.103008849558
2011-08-05 08:15:01,0.13762300319499998
2011-08-05 09:15:01,0.12479148181
2011-08-05 10:15:01,0.136975308642
2011-08-05 11:15:01,0.177046979866
2011-08-05 12:15:01,0.179653679654
2011-08-05 13:15:01,0.103424657534
2011-08-05 14:15:01,0.165123062899
2011-08-05 15:15:01,0.134172661871
2011-08-05 17:15:01,0.0854426972659
2011-08-05 19:15:01,0.116336996337
2011-08-05 20:15:01,0.135585443038
2011-08-05 21:15:01,0.0861486725664
2011-08-05 22:15:01,0.0866556972439
2011-08-05 23:15:01,0.0661930379747
2011-08-06 00:15:01,0.084335443038
2011-08-06 01:15:01,0.08993325546469999
2011-08-06 02:15:01,0.107290987124
2011-08-06 03:15:01,0.10464890643
2011-08-06 04:15:01,0.108005702784
2011-08-06 05:15:01,0.0926116666667
2011-08-06 06:15:01,0.09522552483889997
2011-08-06 07:15:01,0.0949442275516
2011-08-06 08:15:01,0.109427279578
2011-08-06 09:15:01,0.116218274112
2011-08-06 10:15:01,0.118654292343
2011-08-06 11:15:01,0.154555873926
2011-08-06 12:15:01,0.163333333333
2011-08-06 13:15:01,0.158153110048
2011-08-06 15:15:01,0.0927267605634
2011-08-06 16:15:01,0.111918452692
2011-08-06 17:15:01,0.0869566107245
2011-08-06 18:15:01,0.0762434782609
2011-08-06 19:15:01,0.0940876917027
2011-08-06 20:15:01,0.054974051896199985
2011-08-06 21:15:01,0.0894166666667
2011-08-06 22:15:01,0.0705643173977
2011-08-06 23:15:01,0.0768897768898
2011-08-07 00:15:01,0.09433244916
2011-08-07 01:15:01,0.0993647281922
2011-08-07 02:15:01,0.0905730830671
2011-08-07 03:15:01,0.0902877697842
2011-08-07 04:15:01,0.0945785026528
2011-08-07 05:15:01,0.0977206993309
2011-08-07 06:15:01,0.0929885057471
2011-08-07 07:15:01,0.097932748538
2011-08-07 08:15:01,0.107065735154
2011-08-07 09:15:01,0.104861788618
2011-08-07 10:15:01,0.133073110285
2011-08-07 11:15:01,0.14813483146099998
2011-08-07 12:15:01,0.1556
2011-08-07 13:15:01,0.238854166667
2011-08-07 14:15:01,0.12586919105
2011-08-07 15:15:01,0.0906898424769
2011-08-07 16:15:01,0.110492610837
2011-08-07 17:15:01,0.0866148325359
2011-08-07 18:15:01,0.08719332161689998
2011-08-07 19:15:01,0.0831693121693
2011-08-07 20:15:01,0.0829251594834
2011-08-07 21:15:01,0.0895323060287
2011-08-07 22:15:01,0.0838859673402
2011-08-07 23:15:01,0.0518382352941
2011-08-08 00:15:01,0.0894157029823
2011-08-08 01:15:01,0.0941601460616
2011-08-08 02:15:01,0.0932126076742
2011-08-08 03:15:01,0.0906582077716
2011-08-08 04:15:01,0.0943331232934
2011-08-08 05:15:01,0.0915368104744
2011-08-08 06:15:01,0.0902084922451
2011-08-08 07:15:01,0.104276002719
2011-08-08 08:15:01,0.09490389354360004
2011-08-08 09:15:01,0.107888040712
2011-08-08 10:15:01,0.122527131783
2011-08-08 11:15:01,0.141545454545
2011-08-08 12:15:01,0.145774946921
2011-08-08 13:15:01,0.142292358804
2011-08-08 14:15:01,0.0937384540593
2011-08-08 16:15:01,0.115965909091
2011-08-08 17:15:01,0.0821823839805
2011-08-08 18:15:01,0.0922203830693
2011-08-08 19:15:01,0.0897081167533
2011-08-08 20:15:01,0.08519922254619999
2011-08-08 21:15:01,0.0817833916958
2011-08-08 22:15:01,0.08771310181530001
2011-08-08 23:15:01,0.0593077588693
2011-08-09 00:15:01,0.0814900662252
2011-08-09 01:15:01,0.0914412910406
2011-08-09 02:15:01,0.0942895612229
2011-08-09 03:15:01,0.0965016286645
2011-08-09 04:15:01,0.0852443443345
2011-08-09 05:15:01,0.0905436264485
2011-08-09 06:15:01,0.095731252911
2011-08-09 07:15:01,0.100878313638
2011-08-09 08:15:01,0.101331689273
2011-08-09 09:15:01,0.132678571429
2011-08-09 10:15:01,0.13330895795199998
2011-08-09 11:15:01,0.146563245823
2011-08-09 12:15:01,0.213648648649
2011-08-09 14:15:01,0.138718199609
2011-08-09 15:15:01,0.115043047783
2011-08-09 16:15:01,0.0969093941078
2011-08-09 17:15:01,0.0894426381793
2011-08-09 18:15:01,0.0947894736842
2011-08-09 19:15:01,0.08908238636360001
2011-08-09 20:15:01,0.0775330882353
2011-08-09 21:15:01,0.101094538276
2011-08-09 22:15:01,0.0635224438903
2011-08-09 23:15:01,0.0959620282473
2011-08-10 00:15:01,0.08324604859639999
2011-08-10 01:15:01,0.0910332884356
2011-08-10 02:15:01,0.0909859594384
2011-08-10 03:15:01,0.104742634008
2011-08-10 04:15:01,0.08945752818040001
2011-08-10 05:15:01,0.0871840133222
2011-08-10 06:15:01,0.09341216216219997
2011-08-10 07:15:01,0.08478803716610002
2011-08-10 08:15:01,0.129779044904
2011-08-10 09:15:01,0.106145004421
2011-08-10 10:15:01,0.138995363215
2011-08-10 11:15:01,0.163650107991
2011-08-10 12:15:01,0.195010940919
2011-08-10 13:15:01,0.0807644305772
2011-08-10 15:15:01,0.135370601447
2011-08-10 17:15:01,0.118851057447
2011-08-10 18:15:01,0.0979840276279
2011-08-10 19:15:01,0.100485770363
2011-08-10 20:15:01,0.116815085158
2011-08-10 21:15:01,0.08871223564950001
2011-08-10 23:15:01,0.0931702092602
2011-08-11 00:15:01,0.0857755775578
2011-08-11 01:15:01,0.105584481879
2011-08-11 02:15:01,0.0864523424879
2011-08-11 03:15:01,0.0991574790193
2011-08-11 04:15:01,0.0970408163265
2011-08-11 05:15:01,0.0936600833484
2011-08-11 06:15:01,0.0942462751972
2011-08-11 07:15:01,0.112770863836
2011-08-11 08:15:01,0.108728767123
2011-08-11 09:15:01,0.12832038835
2011-08-11 10:15:01,0.16138211382099998
2011-08-11 11:15:01,0.149149425287
2011-08-11 12:15:01,0.169220532319
2011-08-11 14:15:01,0.121971600218
2011-08-11 15:15:01,0.106156428332
2011-08-11 16:15:01,0.163204320432
2011-08-11 17:15:01,0.11472774045999998
2011-08-11 18:15:01,0.0760014673514
2011-08-11 19:15:01,0.105483473113
2011-08-11 20:15:01,0.0949758529366
2011-08-11 21:15:01,0.0653525286083
2011-08-11 22:15:01,0.0927619507484
2011-08-11 23:15:01,0.0997149643705
2011-08-12 00:15:01,0.0907629427793
2011-08-12 01:15:01,0.08240238507410001
2011-08-12 02:15:01,0.103661464586
2011-08-12 03:15:01,0.19985294117600005
2011-08-12 04:15:01,0.130808383234
2011-08-12 05:15:01,0.143984575835
2011-08-12 06:15:01,0.187510548523
2011-08-12 07:15:01,0.187205882353
2011-08-12 08:15:01,0.237744360902
2011-08-12 09:15:01,0.252205882353
2011-08-12 10:15:01,0.412619047619
2011-08-12 11:15:01,0.33378378378400003
2011-08-12 13:15:01,0.218
2011-08-12 14:15:01,0.308706896552
2011-08-12 15:15:01,0.24135501355
2011-08-12 16:15:01,0.212047244094
2011-08-12 17:15:01,0.175767790262
2011-08-12 18:15:01,0.134796954315
2011-08-12 19:15:01,0.162904290429
2011-08-12 21:15:01,0.160676258993
2011-08-12 22:15:01,0.109723404255
2011-08-12 23:15:01,0.121656441718
2011-08-13 00:15:01,0.131589958159
2011-08-13 01:15:01,0.193345724907
2011-08-13 02:15:01,0.1795
2011-08-13 03:15:01,0.183160621762
2011-08-13 04:15:01,0.152888888889
2011-08-13 05:15:01,0.145144356955
2011-08-13 06:15:01,0.156018808777
2011-08-13 07:15:01,0.181965065502
2011-08-13 08:15:01,0.214
2011-08-13 09:15:01,0.8392307692309999
2011-08-13 10:15:01,0.3325
2011-08-13 11:15:01,0.391
2011-08-13 12:15:01,0.574390243902
2011-08-13 13:15:01,0.32679558011
2011-08-13 15:15:01,0.18606557377
2011-08-13 17:15:01,0.203935185185
2011-08-13 18:15:01,0.241901408451
2011-08-13 19:15:01,0.133696027634
2011-08-13 20:15:01,0.159906323185
2011-08-13 21:15:01,0.147527272727
2011-08-13 22:15:01,0.124267515924
2011-08-13 23:15:01,0.100994496855
2011-08-14 00:15:01,0.0887354085603
2011-08-14 01:15:01,0.10877124183
2011-08-14 02:15:01,0.102154876374
2011-08-14 03:15:01,0.110302724521
2011-08-14 04:15:01,0.0947476024871
2011-08-14 05:15:01,0.0958114558473
2011-08-14 06:15:01,0.104109033566
2011-08-14 07:15:01,0.110124688279
2011-08-14 08:15:01,0.113954754922
2011-08-14 09:15:01,0.131629370629
2011-08-14 10:15:01,0.156177606178
2011-08-14 11:15:01,0.186141176471
2011-08-14 12:15:01,0.210567823344
2011-08-14 13:15:01,0.183082039911
2011-08-14 14:15:01,0.184261904762
2011-08-14 15:15:01,0.0974306569343
2011-08-14 16:15:01,0.124666666667
2011-08-14 17:15:01,0.110352963382
2011-08-14 18:15:01,0.0991266277503
2011-08-14 19:15:01,0.0974669148056
2011-08-14 20:15:01,0.10314339981
2011-08-14 21:15:01,0.111710368054
2011-08-14 22:15:01,0.0900873124147
2011-08-14 23:15:01,0.0869049815498
2011-08-15 01:15:01,0.0962115334885
2011-08-15 02:15:01,0.104748480756
2011-08-15 03:15:01,0.119817922171
2011-08-15 04:15:01,0.100344978644
2011-08-15 05:15:01,0.102439299831
2011-08-15 06:15:01,0.100038271049
2011-08-15 07:15:01,0.126746153846
2011-08-15 08:15:01,0.119818181818
2011-08-15 09:15:01,0.143032384691
2011-08-15 10:15:01,0.16394265233
2011-08-15 11:15:01,0.177272727273
2011-08-15 12:15:01,0.173473282443
2011-08-15 14:15:01,0.115397350993
2011-08-15 15:15:01,0.101152527849
2011-08-15 16:15:01,0.12355189058700004
2011-08-15 17:15:01,0.0958940397351
2011-08-15 18:15:01,0.0946141176471
2011-08-15 19:15:01,0.110444179714
2011-08-15 20:15:01,0.0860211769497
2011-08-15 21:15:01,0.096470323741
2011-08-15 22:15:01,0.07789157756519999
2011-08-15 23:15:01,0.0939057656541
2011-08-16 00:15:01,0.0858164165931
2011-08-16 01:15:01,0.10321448468
2011-08-16 02:15:01,0.105449290594
2011-08-16 03:15:01,0.109692862045
2011-08-16 04:15:01,0.105233912888
2011-08-16 05:15:01,0.101970472441
2011-08-16 06:15:01,0.116605328207
2011-08-16 07:15:01,0.113288439955
2011-08-16 08:15:01,0.135433846154
2011-08-16 09:15:01,0.148375411636
2011-08-16 10:15:01,0.184129554656
2011-08-16 11:15:01,0.18400530504
2011-08-16 12:15:01,0.182634615385
2011-08-16 13:15:01,0.17609243697500002
2011-08-16 14:15:01,0.07240279162510001
2011-08-16 15:15:01,0.126272313616
2011-08-16 16:15:01,0.142576240328
2011-08-16 17:15:01,0.0831278489255
2011-08-16 18:15:01,0.129988158674
2011-08-16 19:15:01,0.0946607669617
2011-08-16 20:15:01,0.113798294029
2011-08-16 21:15:01,0.0914274128143
2011-08-16 22:15:01,0.102077625571
2011-08-16 23:15:01,0.0932054176072
2011-08-17 00:15:01,0.090239396305
2011-08-17 01:15:01,0.109984260231
2011-08-17 02:15:01,0.103417615539
2011-08-17 03:15:01,0.0948370349005
2011-08-17 04:15:01,0.0929410519632
2011-08-17 05:15:01,0.0965031374786
2011-08-17 06:15:01,0.0988044485635
2011-08-17 07:15:01,0.137145988601
2011-08-17 08:15:01,0.13848755583900002
2011-08-17 09:15:01,0.142863157895
2011-08-17 10:15:01,0.182912423625
2011-08-17 11:15:01,0.209246231156
2011-08-17 12:15:01,0.08963090128760001
2011-08-17 13:15:01,0.16009888751499998
2011-08-17 14:15:01,0.169830960854
2011-08-17 15:15:01,0.111095890411
2011-08-17 16:15:01,0.103264797508
2011-08-17 18:15:01,0.10642134019
2011-08-17 19:15:01,0.11107599193
2011-08-17 20:15:01,0.0933295476055
2011-08-17 21:15:01,0.0901564756861
2011-08-17 22:15:01,0.0913871834229
2011-08-17 23:15:01,0.0825788643533
2011-08-18 00:15:01,0.0833674873834
2011-08-18 01:15:01,0.115031691858
2011-08-18 02:15:01,0.112555948174
2011-08-18 03:15:01,0.09707841356339998
2011-08-18 04:15:01,0.0894849076438
2011-08-18 05:15:01,0.0954665930425
2011-08-18 06:15:01,0.0930890538033
2011-08-18 07:15:01,0.134485823106
2011-08-18 08:15:01,0.119522673031
2011-08-18 09:15:01,0.15655426765
2011-08-18 10:15:01,0.162859778598
2011-08-18 11:15:01,0.156780821918
2011-08-18 12:15:01,0.15992
2011-08-18 13:15:01,0.0941793103448
2011-08-18 14:15:01,0.148830548926
2011-08-18 15:15:01,0.07021078735280001
2011-08-18 16:15:01,0.12625
2011-08-18 18:15:01,0.10571216892000004
2011-08-18 20:15:01,0.103750564436
2011-08-18 21:15:01,0.122362025891
2011-08-18 22:15:01,0.137876671323
2011-08-18 23:15:01,0.117859526193
2011-08-19 00:15:01,0.1204649794
2011-08-19 01:15:01,0.113749719164
2011-08-19 02:15:01,0.107351830331
2011-08-19 03:15:01,0.109541387025
2011-08-19 04:15:01,0.105772058824
2011-08-19 05:15:01,0.108844212045
2011-08-19 06:15:01,0.112162649245
2011-08-19 07:15:01,0.117966273187
2011-08-19 08:15:01,0.127787610619
2011-08-19 09:15:01,0.155221774194
2011-08-19 10:15:01,0.156446945338
2011-08-19 11:15:01,0.17168181818199998
2011-08-19 12:15:01,0.175777153558
2011-08-19 13:15:01,0.145376782077
2011-08-19 14:15:01,0.102166313559
2011-08-19 15:15:01,0.108963553531
2011-08-19 16:15:01,0.12097130762
2011-08-19 18:15:01,0.8380405405410001
2011-08-19 19:15:01,0.13887086092700002
2011-08-19 20:15:01,0.113684525591
2011-08-19 21:15:01,0.114137812231
2011-08-19 22:15:01,0.0986717694732
2011-08-19 23:15:01,0.106513500711
2011-08-20 00:15:01,0.105483216525
2011-08-20 01:15:01,0.124805619079
2011-08-20 02:15:01,0.112333476579
2011-08-20 03:15:01,0.108533905579
2011-08-20 04:15:01,0.109217352415
2011-08-20 05:15:01,0.109404084366
2011-08-20 06:15:01,0.110393435725
2011-08-20 07:15:01,0.136529324425
2011-08-20 08:15:01,0.123941368078
2011-08-20 09:15:01,0.157157652474
2011-08-20 10:15:01,0.195286624204
2011-08-20 11:15:01,0.2435087719300001
2011-08-20 12:15:01,0.261832061069
2011-08-20 13:15:01,0.18472340425500008
2011-08-20 14:15:01,0.112487526728
2011-08-20 15:15:01,0.154967320261
2011-08-20 16:15:01,0.1399559956
2011-08-20 17:15:01,0.119973554302
2011-08-20 18:15:01,0.11578023407
2011-08-20 19:15:01,0.092985620915
2011-08-20 20:15:01,0.116403481505
2011-08-20 21:15:01,0.113099325567
2011-08-20 22:15:01,0.110448307411
2011-08-20 23:15:01,0.0853368263473
2011-08-21 00:15:01,0.110259965338
2011-08-21 01:15:01,0.117662835249
2011-08-21 02:15:01,0.118014601978
2011-08-21 03:15:01,0.118139356815
2011-08-21 04:15:01,0.107148516863
2011-08-21 05:15:01,0.108439189189
2011-08-21 06:15:01,0.114059720457
2011-08-21 07:15:01,0.132777089783
2011-08-21 08:15:01,0.118961499493
2011-08-21 09:15:01,0.11548618219
2011-08-21 10:15:01,0.179405594406
2011-08-21 11:15:01,0.214325153374
2011-08-21 12:15:01,0.205019455253
2011-08-21 13:15:01,0.213119383825
2011-08-21 15:15:01,0.119443048576
2011-08-21 16:15:01,0.123667200855
2011-08-21 17:15:01,0.123833452979
2011-08-21 18:15:01,0.100309412376
2011-08-21 19:15:01,0.113838737949
2011-08-21 20:15:01,0.106943181818
2011-08-21 21:15:01,0.114195221337
2011-08-21 22:15:01,0.113527696793
2011-08-21 23:15:01,0.110797524923
2011-08-22 00:15:01,0.0959462616822
2011-08-22 01:15:01,0.11225498008
2011-08-22 02:15:01,0.107924528302
2011-08-22 03:15:01,0.10665061364
2011-08-22 04:15:01,0.104035980991
2011-08-22 05:15:01,0.100924520767
2011-08-22 06:15:01,0.10439802727
2011-08-22 07:15:01,0.130867018161
2011-08-22 08:15:01,0.131827272727
2011-08-22 09:15:01,0.147066666667
2011-08-22 10:15:01,0.173532934132
2011-08-22 11:15:01,0.152304347826
2011-08-22 12:15:01,0.16310139164999998
2011-08-22 13:15:01,0.165607711651
2011-08-22 15:15:01,0.151373895976
2011-08-22 16:15:01,0.111465428277
2011-08-22 17:15:01,0.153356573705
2011-08-22 18:15:01,0.112089475045
2011-08-22 19:15:01,0.132385438972
2011-08-22 20:15:01,0.104119975005
2011-08-22 21:15:01,0.110782159017
2011-08-22 22:15:01,0.135107933838
2011-08-22 23:15:01,0.132028268551
2011-08-23 00:15:01,0.101422651934
2011-08-23 01:15:01,0.116365979381
2011-08-23 02:15:01,0.111508323766
2011-08-23 03:15:01,0.108039435044
2011-08-23 04:15:01,0.106979215502
2011-08-23 05:15:01,0.107041465767
2011-08-23 06:15:01,0.134548895899
2011-08-23 07:15:01,0.107432688661
2011-08-23 08:15:01,0.15599820949
2011-08-23 09:15:01,0.222613636364
2011-08-23 10:15:01,0.194182590234
2011-08-23 11:15:01,0.17591508052700006
2011-08-23 12:15:01,0.204560943644
2011-08-23 13:15:01,0.158182612495
2011-08-23 14:15:01,0.194675488343
2011-08-23 16:15:01,0.134039001818
2011-08-23 17:15:01,0.122247220067
2011-08-23 18:15:01,0.1261953125
2011-08-23 19:15:01,0.120284266197
2011-08-23 20:15:01,0.111192768717
2011-08-23 21:15:01,0.129054033827
2011-08-23 22:15:01,0.07870333428330001
2011-08-23 23:15:01,0.127059150751
2011-08-24 00:15:01,0.121846348976
2011-08-24 01:15:01,0.110378730495
2011-08-24 02:15:01,0.114716875088
2011-08-24 03:15:01,0.106452149792
2011-08-24 04:15:01,0.109707221861
2011-08-24 05:15:01,0.116718648473
2011-08-24 06:15:01,0.109562764457
2011-08-24 07:15:01,0.13544292639900002
2011-08-24 08:15:01,0.14671592775
2011-08-24 09:15:01,0.20891954023
2011-08-24 10:15:01,0.232419354839
2011-08-24 11:15:01,0.321585014409
2011-08-24 12:15:01,0.8762363169442412
2011-08-24 13:15:01,0.26245
2011-08-24 15:15:01,0.162664536741
2011-08-24 16:15:01,0.153017329256
2011-08-24 17:15:01,0.216891025641
2011-08-24 18:15:01,0.135726872247
2011-08-24 19:15:01,0.126269963936
2011-08-24 20:15:01,0.112619808307
2011-08-24 21:15:01,0.120659666743
2011-08-24 22:15:01,0.0965659722222
2011-08-24 23:15:01,0.119919203307
2011-08-25 00:15:01,0.107341313021
2011-08-25 01:15:01,0.125864127804
2011-08-25 02:15:01,0.116297935103
2011-08-25 03:15:01,0.117707265335
2011-08-25 04:15:01,0.126613747383
2011-08-25 05:15:01,0.131539697109
2011-08-25 06:15:01,0.136512749828
2011-08-25 07:15:01,0.139055912007
2011-08-25 08:15:01,0.15835910652899998
2011-08-25 09:15:01,0.222864721485
2011-08-25 10:15:01,0.195851955307
2011-08-25 11:15:01,0.17323296355
2011-08-25 12:15:01,0.7420785347254859
2011-08-25 13:15:01,0.14595984943499998
2011-08-25 15:15:01,0.13367071525000002
2011-08-25 16:15:01,0.152332622601
2011-08-25 17:15:01,0.16810894340399998
2011-08-25 18:15:01,0.161268902038
2011-08-25 19:15:01,0.129840472674
2011-08-25 20:15:01,0.149134663342
2011-08-25 21:15:01,0.131813945151
2011-08-25 22:15:01,0.136767258383
2011-08-25 23:15:01,0.12135670178
2011-08-26 00:15:01,0.103945289643
2011-08-26 01:15:01,0.112820060039
2011-08-26 02:15:01,0.120855855856
2011-08-26 03:15:01,0.116340295909
2011-08-26 04:15:01,0.122953020134
2011-08-26 05:15:01,0.122890724269
2011-08-26 06:15:01,0.146426914153
2011-08-26 07:15:01,0.148379917184
2011-08-26 08:15:01,0.157719141324
2011-08-26 10:15:01,0.201403712297
2011-08-26 11:15:01,0.143189189189
2011-08-26 12:15:01,0.14888308977
2011-08-26 13:15:01,0.197928176796
2011-08-26 14:15:01,0.126004250797
2011-08-26 15:15:01,0.166674082314
2011-08-26 16:15:01,0.172854271357
2011-08-26 17:15:01,0.0819538188277
2011-08-26 18:15:01,0.145132450331
2011-08-26 19:15:01,0.115743597
2011-08-26 20:15:01,0.120467057762
2011-08-26 21:15:01,0.127307090136
2011-08-26 22:15:01,0.107151808092
2011-08-26 23:15:01,0.120242727798
2011-08-27 00:15:01,0.107143138026
2011-08-27 01:15:01,0.128545988618
2011-08-27 02:15:01,0.120697247706
2011-08-27 03:15:01,0.116228070175
2011-08-27 04:15:01,0.132985468956
2011-08-27 05:15:01,0.7717967257920064
2011-08-27 06:15:01,0.129264846743
2011-08-27 07:15:01,0.155472392638
2011-08-27 08:15:01,0.129101654846
2011-08-27 09:15:01,0.229412878788
2011-08-27 10:15:01,0.193704545455
2011-08-27 11:15:01,0.245486238532
2011-08-27 12:15:01,0.243022312373
2011-08-27 13:15:01,0.143737574553
2011-08-27 14:15:01,0.146170105687
2011-08-27 15:15:01,0.183095916429
2011-08-27 16:15:01,0.12817414175
2011-08-27 17:15:01,0.08123014407089997
2011-08-27 18:15:01,0.119228459228
2011-08-27 19:15:01,0.123669704379
2011-08-27 20:15:01,0.0981552853134
2011-08-27 21:15:01,0.113524554542
2011-08-27 22:15:01,0.117520566728
2011-08-27 23:15:01,0.104075839653
2011-08-28 00:15:01,0.0791421614535
2011-08-28 01:15:01,0.0808398656215
2011-08-28 17:15:01,0.128181254481
2011-08-28 18:15:01,0.109584509883
2011-08-28 19:15:01,0.120247610773
2011-08-28 20:15:01,0.132120708749
2011-08-28 21:15:01,0.105430708391
2011-08-28 22:15:01,0.100667480667
2011-08-28 23:15:01,0.10671680275
2011-08-29 00:15:01,0.0941220906492
2011-08-29 01:15:01,0.118924072182
2011-08-29 02:15:01,0.117475323874
2011-08-29 03:15:01,0.140956412669
2011-08-29 04:15:01,0.118227690778
2011-08-29 05:15:01,0.131424930491
2011-08-29 06:15:01,0.13512179887599998
2011-08-29 07:15:01,0.144571154768
2011-08-29 08:15:01,0.17518687329100002
2011-08-29 09:15:01,0.198339160839
2011-08-29 10:15:01,0.235892351275
2011-08-29 11:15:01,0.199330708661
2011-08-29 12:15:01,0.252757575758
2011-08-29 13:15:01,0.131312849162
2011-08-29 14:15:01,0.158032734275
2011-08-29 15:15:01,0.138298368298
2011-08-29 16:15:01,0.129769376181
2011-08-29 17:15:01,0.18010462075
2011-08-29 18:15:01,0.121613616269
2011-08-29 19:15:01,0.177605839416
2011-08-29 20:15:01,0.116052316294
2011-08-29 21:15:01,0.118055188804
2011-08-29 22:15:01,0.120086560364
2011-08-29 23:15:01,0.106255605381
2011-08-30 00:15:01,0.10798404641
2011-08-30 01:15:01,0.121784586229
2011-08-30 02:15:01,0.116302250804
2011-08-30 03:15:01,0.129191977077
2011-08-30 04:15:01,0.117042431193
2011-08-30 05:15:01,0.122535369414
2011-08-30 06:15:01,0.131607620321
2011-08-30 07:15:01,0.150977484898
2011-08-30 08:15:01,0.183533834586
2011-08-30 09:15:01,0.196714285714
2011-08-30 10:15:01,0.236524390244
2011-08-30 11:15:01,0.16361423221
2011-08-30 12:15:01,0.289889807163
2011-08-30 13:15:01,0.205025853154
2011-08-30 15:15:01,0.133419053185
2011-08-30 16:15:01,0.145272283934
2011-08-30 17:15:01,0.12532551460000002
2011-08-30 18:15:01,0.196552872606
2011-08-30 19:15:01,0.132517935258
2011-08-30 21:15:01,0.114312959559
2011-08-30 22:15:01,0.104356335755
2011-08-30 23:15:01,0.132202216066
2011-08-31 00:15:01,0.148493930197
2011-08-31 01:15:01,0.152742949234
2011-08-31 02:15:01,0.134658628704
2011-08-31 03:15:01,0.137282540676
2011-08-31 04:15:01,0.130686100249
2011-08-31 05:15:01,0.136450770436
2011-08-31 06:15:01,0.137028489001
2011-08-31 07:15:01,0.16147686832699998
2011-08-31 08:15:01,0.202668360864
2011-08-31 09:15:01,0.27724137931
2011-08-31 10:15:01,0.23968325791900005
2011-08-31 11:15:01,0.235432595573
2011-08-31 12:15:01,0.133699466056
2011-08-31 13:15:01,0.216672967864
2011-08-31 14:15:01,0.144655870445
2011-08-31 15:15:01,0.213881578947
2011-08-31 16:15:01,0.135861335602
2011-08-31 17:15:01,0.145944798301
2011-08-31 19:15:01,0.137778706135
2011-08-31 20:15:01,0.106294714362
2011-08-31 21:15:01,0.121449399657
2011-08-31 22:15:01,0.102917236662
2011-08-31 23:15:01,0.157432670185
2011-09-01 00:15:01,0.0748370309504
2011-09-01 01:15:01,0.121975367882
2011-09-01 02:15:01,0.110767514502
2011-09-01 03:15:01,0.11352802267
2011-09-01 04:15:01,0.118766685467
2011-09-01 05:15:01,0.119613102302
2011-09-01 06:15:01,0.149221343874
2011-09-01 07:15:01,0.153971321696
2011-09-01 08:15:01,0.176529411765
2011-09-01 09:15:01,0.20935840708
2011-09-01 10:15:01,0.274036144578
2011-09-01 13:15:01,0.158695391981
2011-09-01 18:15:01,0.15765376907700002
2011-09-01 19:15:01,0.13318889016899998
2011-09-01 20:15:01,0.116662861492
2011-09-01 21:15:01,0.133783484614
2011-09-01 22:15:01,0.123608942982
2011-09-01 23:15:01,0.10133480826
2011-09-02 00:15:01,0.0960797165633
2011-09-02 01:15:01,0.109986179361
2011-09-02 02:15:01,0.113099472076
2011-09-02 03:15:01,0.122333147942
2011-09-02 04:15:01,0.101873947811
2011-09-02 05:15:01,0.116102021174
2011-09-02 06:15:01,0.190008038585
2011-09-02 07:15:01,0.130167873601
2011-09-02 08:15:01,0.174063205418
2011-09-02 09:15:01,0.112245098039
2011-09-02 10:15:01,0.284294117647
2011-09-02 11:15:01,0.216419294991
2011-09-02 12:15:01,0.234627249357
2011-09-02 13:15:01,0.134657407407
2011-09-02 14:15:01,0.188105891126
2011-09-02 15:15:01,0.120575065847
2011-09-02 16:15:01,0.215477560414
2011-09-02 17:15:01,0.127620683076
2011-09-02 18:15:01,0.0717271727173
2011-09-02 19:15:01,0.305020508614
2011-09-02 20:15:01,0.138571428571
2011-09-02 21:15:01,0.155115702479
2011-09-02 22:15:01,0.106140350877
2011-09-02 23:15:01,0.138803873173
2011-09-03 00:15:01,0.244870534871
2011-09-03 01:15:01,0.13906824147
2011-09-03 02:15:01,0.172981191223
2011-09-03 03:15:01,0.125692116698
2011-09-03 04:15:01,0.119235618597
2011-09-03 05:15:01,0.134093671791
2011-09-03 06:15:01,0.146867719389
2011-09-03 07:15:01,0.164185314685
2011-09-03 08:15:01,0.215716096324
2011-09-03 09:15:01,0.16657123834899998
2011-09-03 10:15:01,0.309181494662
2011-09-03 11:15:01,0.296800699301
2011-09-03 12:15:01,0.33725571725599995
2011-09-03 13:15:01,0.306162790698
2011-09-03 14:15:01,0.151990950226
2011-09-03 15:15:01,0.190621923937
2011-09-03 16:15:01,0.128590873591
2011-09-03 17:15:01,0.134171055403
2011-09-03 18:15:01,0.111254940711
2011-09-03 19:15:01,0.12567952728499998
2011-09-03 20:15:01,0.0779459002536
2011-09-03 21:15:01,0.169895556011
2011-09-03 22:15:01,0.162353111853
2011-09-03 23:15:01,0.128333333333
2011-09-04 00:15:01,0.0566984909147
2011-09-04 01:15:01,0.128792849244
2011-09-04 02:15:01,0.140778836674
2011-09-04 03:15:01,0.112644601542
2011-09-04 04:15:01,0.107385301152
2011-09-04 05:15:01,0.120907534247
2011-09-04 06:15:01,0.119361652739
2011-09-04 07:15:01,0.137760667308
2011-09-04 08:15:01,0.16965945945900002
2011-09-04 09:15:01,0.211780952381
2011-09-04 10:15:01,0.24587628866
2011-09-04 11:15:01,0.357578947368
2011-09-04 12:15:01,0.27469581749
2011-09-04 13:15:01,0.212278664731
2011-09-04 14:15:01,0.225309882747
2011-09-04 15:15:01,0.111788208997
2011-09-04 16:15:01,0.115091383812
2011-09-04 17:15:01,0.110475699558
2011-09-04 19:15:01,0.096856092437
2011-09-04 21:15:01,0.094920993228
2011-09-04 22:15:01,0.106504791294
2011-09-04 23:15:01,0.0980834242094
2011-09-05 00:15:01,0.0677486272117
2011-09-05 01:15:01,0.0921607314726
2011-09-05 02:15:01,0.107047509453
2011-09-05 03:15:01,0.138049365787
2011-09-05 04:15:01,0.101063759498
2011-09-05 05:15:01,0.108725053284
2011-09-05 06:15:01,0.130337719298
2011-09-05 07:15:01,0.124165474487
2011-09-05 08:15:01,0.145684086905
2011-09-05 09:15:01,0.189146919431
2011-09-05 10:15:01,0.262997762864
2011-09-05 11:15:01,0.282087912088
2011-09-05 12:15:01,0.340821917808
2011-09-05 13:15:01,0.165554265815
2011-09-05 15:15:01,0.124508748318
2011-09-05 17:15:01,0.122835414302
2011-09-05 18:15:01,0.0938487554113
2011-09-05 19:15:01,0.101437993017
2011-09-05 20:15:01,0.102838123415
2011-09-05 21:15:01,0.0827375730994
2011-09-05 22:15:01,0.0836510500808
2011-09-05 23:15:01,0.09136433459010004
2011-09-06 01:15:01,0.0920044648102
2011-09-06 02:15:01,0.108025884921
2011-09-06 03:15:01,0.111850340136
2011-09-06 04:15:01,0.107034039514
2011-09-06 05:15:01,0.134720357942
2011-09-06 06:15:01,0.120835559874
2011-09-06 07:15:01,0.158650693569
2011-09-06 08:15:01,0.227216358839
2011-09-06 09:15:01,0.250782396088
2011-09-06 10:15:01,0.290986842105
2011-09-06 11:15:01,0.126701208981
2011-09-06 12:15:01,0.207349137931
2011-09-06 14:15:01,0.15547930283199998
2011-09-06 15:15:01,0.180466954023
2011-09-06 16:15:01,0.134938176198
2011-09-06 17:15:01,0.17433655005999998
2011-09-06 18:15:01,0.154526659412
2011-09-06 19:15:01,0.116790878754
2011-09-06 20:15:01,0.142357747301
2011-09-06 21:15:01,0.152130492676
2011-09-06 22:15:01,0.1106742795
2011-09-06 23:15:01,0.0928547548291
2011-09-07 00:15:01,0.08540292212680001
2011-09-07 01:15:01,0.129391377853
2011-09-07 02:15:01,0.114690562868
2011-09-07 03:15:01,0.117496261838
2011-09-07 04:15:01,0.117614717699
2011-09-07 05:15:01,0.14334384858
2011-09-07 06:15:01,0.152060475162
2011-09-07 07:15:01,0.195579216354
2011-09-07 08:15:01,0.200116472546
2011-09-07 09:15:01,0.283300970874
2011-09-07 10:15:01,0.292129277567
2011-09-07 11:15:01,0.343198380567
2011-09-07 12:15:01,0.153217455621
2011-09-07 13:15:01,0.151582867784
2011-09-07 14:15:01,0.188106242497
