timestamp,cpm
2011-07-09 09:15:01,0.722730241672
2011-07-09 15:15:01,0.6728103927060001
2011-07-09 17:15:01,0.730694412571
2011-07-09 18:15:01,1.1065965848
2011-07-09 19:15:01,0.951126681146
2011-07-09 20:15:01,0.8661270035799999
2011-07-09 21:15:01,0.822021986321
2011-07-09 22:15:01,1.03145922094
2011-07-09 23:15:01,1.16544612166
2011-07-10 00:15:01,1.05581045236
2011-07-10 01:15:01,0.933769979761
2011-07-10 02:15:01,0.8523218694470001
2011-07-10 03:15:01,0.562376237624
2011-07-10 04:15:01,0.690265027243
2011-07-10 05:15:01,0.6615772656669999
2011-07-10 06:15:01,0.6837087917069999
2011-07-10 07:15:01,0.585272294012
2011-07-10 08:15:01,0.7258237694159999
2011-07-10 09:15:01,1.06548190842
2011-07-10 10:15:01,0.812296171035
2011-07-10 11:15:01,1.15012216089
2011-07-10 12:15:01,1.91079022846
2011-07-10 13:15:01,1.89823760173
2011-07-10 14:15:01,1.60666972834
2011-07-10 15:15:01,1.36903179016
2011-07-10 16:15:01,1.23539136879
2011-07-10 17:15:01,1.30004968561
2011-07-10 18:15:01,1.02969040624
2011-07-10 19:15:01,0.932536450273
2011-07-10 20:15:01,0.931886464036
2011-07-10 21:15:01,0.863524014067
2011-07-10 22:15:01,0.991745182096
2011-07-10 23:15:01,0.862854251012
2011-07-11 00:15:01,0.747998448544
2011-07-11 01:15:01,0.850183503168
2011-07-11 02:15:01,0.654526695899
2011-07-11 03:15:01,0.728679424723
2011-07-11 04:15:01,0.6900218627850001
2011-07-11 05:15:01,0.698213122487
2011-07-11 06:15:01,0.638280829834
2011-07-11 07:15:01,0.671747063098
2011-07-11 08:15:01,0.641360186156
2011-07-11 09:15:01,0.588559867574
2011-07-11 10:15:01,4.008431111893461
2011-07-11 11:15:01,2.03972428805
2011-07-11 12:15:01,1.43419613562
2011-07-11 13:15:01,1.5099383320500002
2011-07-11 14:15:01,1.39176641082
2011-07-11 15:15:01,1.1073553539299998
2011-07-11 16:15:01,0.997729716812
2011-07-11 17:15:01,0.8385163641750001
2011-07-11 18:15:01,0.591521865594
2011-07-11 19:15:01,0.523210749244
2011-07-11 20:15:01,0.50741379187
2011-07-11 21:15:01,0.538820681939
2011-07-11 22:15:01,0.537126366514
2011-07-11 23:15:01,0.575014047574
2011-07-12 00:15:01,0.434892834119
2011-07-12 01:15:01,0.568473258729
2011-07-12 02:15:01,0.576361277601
2011-07-12 03:15:01,0.561665799733
2011-07-12 04:15:01,0.506676771373
2011-07-12 05:15:01,0.532992059663
2011-07-12 06:15:01,0.5336466516089999
2011-07-12 07:15:01,0.543344592151
2011-07-12 08:15:01,0.6339368934399999
2011-07-12 09:15:01,4.12771456825437
2011-07-12 10:15:01,0.670085200379
2011-07-12 11:15:01,0.7027198129979999
2011-07-12 12:15:01,0.995558682556
2011-07-12 13:15:01,1.1692653673200002
2011-07-12 14:15:01,1.01409928115
2011-07-12 15:15:01,0.996637659048
2011-07-12 16:15:01,0.679225381434
2011-07-12 17:15:01,0.75814025419
2011-07-12 18:15:01,0.763981210671
2011-07-12 19:15:01,0.7086678559209999
2011-07-12 20:15:01,0.714510023353
2011-07-12 21:15:01,0.762345540039
2011-07-12 22:15:01,0.7031059064890001
2011-07-12 23:15:01,0.707826549505
2011-07-13 00:15:01,0.57670519965
2011-07-13 01:15:01,0.679474448094
2011-07-13 02:15:01,0.5573896009629999
2011-07-13 03:15:01,0.531382043611
2011-07-13 04:15:01,0.529654200621
2011-07-13 05:15:01,0.5197671352359999
2011-07-13 06:15:01,3.951131814377882
2011-07-13 07:15:01,0.555591534137
2011-07-13 08:15:01,0.656115012713
2011-07-13 09:15:01,0.78798286152
2011-07-13 10:15:01,0.6925872496250001
2011-07-13 11:15:01,0.935283109196
2011-07-13 12:15:01,1.0790512156799998
2011-07-13 13:15:01,1.26547389169
2011-07-13 14:15:01,0.758122743682
2011-07-13 15:15:01,0.861263139606
2011-07-13 16:15:01,0.818969842122
2011-07-13 17:15:01,0.7818637188009999
2011-07-13 18:15:01,0.754097953198
2011-07-13 19:15:01,0.7349341254780001
2011-07-13 20:15:01,0.690540979909
2011-07-13 21:15:01,0.729830698994
2011-07-13 22:15:01,0.7500144626199999
2011-07-13 23:15:01,0.788613597882
2011-07-14 00:15:01,0.599371499577
2011-07-14 01:15:01,0.618132010667
2011-07-14 02:15:01,0.492632136346
2011-07-14 03:15:01,0.433984949291
2011-07-14 04:15:01,0.401924624437
2011-07-14 05:15:01,0.391060382405
2011-07-14 06:15:01,0.394108266834
2011-07-14 07:15:01,0.414870889838
2011-07-14 08:15:01,0.459231967846
2011-07-14 09:15:01,0.554594329429
2011-07-14 10:15:01,0.5864474339810001
2011-07-14 11:15:01,0.7743601211650001
2011-07-14 12:15:01,1.0917420034899998
2011-07-14 13:15:01,1.02217110037
2011-07-14 14:15:01,0.927402784199
2011-07-14 15:15:01,0.7583859161769999
2011-07-14 16:15:01,0.628370275811
2011-07-14 17:15:01,0.620875293673
2011-07-14 18:15:01,0.599521386669
2011-07-14 19:15:01,0.5716846471029999
2011-07-14 20:15:01,0.5539379474939999
2011-07-14 21:15:01,0.583300039952
2011-07-14 22:15:01,0.5479498705899999
2011-07-14 23:15:01,0.584078029022
2011-07-15 00:15:01,0.470730436595
2011-07-15 01:15:01,0.613684756703
2011-07-15 02:15:01,0.5000752603809999
2011-07-15 03:15:01,0.465845307932
2011-07-15 04:15:01,0.41024236317
2011-07-15 05:15:01,0.387587791441
2011-07-15 06:15:01,0.424290111819
2011-07-15 07:15:01,0.419710942605
2011-07-15 08:15:01,0.490660629494
2011-07-15 09:15:01,0.579498460973
2011-07-15 10:15:01,0.629326672567
2011-07-15 11:15:01,0.6780685625049999
2011-07-15 12:15:01,0.92753386871
2011-07-15 13:15:01,0.999694137996
2011-07-15 14:15:01,0.6662682149360001
2011-07-15 15:15:01,0.697556091181
2011-07-15 16:15:01,0.641203792909
2011-07-15 17:15:01,0.63342731861
2011-07-15 18:15:01,0.582036667388
2011-07-15 19:15:01,0.563113818597
2011-07-15 20:15:01,0.526980162514
2011-07-15 21:15:01,0.52827791804
2011-07-15 22:15:01,0.475220574063
2011-07-15 23:15:01,0.447709441696
2011-07-16 00:15:01,0.573151033543
2011-07-16 01:15:01,0.660520510001
2011-07-16 02:15:01,0.6536589413130001
2011-07-16 03:15:01,0.54005469609
2011-07-16 04:15:01,0.515772970517
2011-07-16 05:15:01,0.429273997931
2011-07-16 06:15:01,0.407590018152
2011-07-16 07:15:01,0.421466054048
2011-07-16 08:15:01,0.530038045387
2011-07-16 09:15:01,0.57930338213
2011-07-16 10:15:01,0.770295651048
2011-07-16 11:15:01,0.808551183638
2011-07-16 12:15:01,0.841766168283
2011-07-16 13:15:01,1.14397851684
2011-07-16 14:15:01,0.693110948221
2011-07-16 15:15:01,0.765183723366
2011-07-16 16:15:01,0.679417321464
2011-07-16 17:15:01,0.5999420003670001
2011-07-16 18:15:01,0.5770882636519999
2011-07-16 19:15:01,0.61229276245
2011-07-16 22:15:01,0.554915456933
2011-07-16 23:15:01,0.558064606445
2011-07-17 00:15:01,0.551861184907
2011-07-17 01:15:01,0.6140760801899999
2011-07-17 02:15:01,0.6141050105879999
2011-07-17 03:15:01,3.9115456971163396
2011-07-17 04:15:01,0.52247125088
2011-07-17 05:15:01,0.44803768545
2011-07-17 06:15:01,0.422634977534
2011-07-17 07:15:01,0.449383287256
2011-07-17 08:15:01,0.4868519123899999
2011-07-17 09:15:01,0.55355034739
2011-07-17 10:15:01,0.7518570842640001
2011-07-17 11:15:01,0.752667091441
2011-07-17 12:15:01,0.929141547083
2011-07-17 13:15:01,1.20847661477
2011-07-17 14:15:01,0.779651764165
2011-07-17 15:15:01,0.842350417376
2011-07-17 16:15:01,0.660812279132
2011-07-17 17:15:01,0.604369143437
2011-07-17 18:15:01,0.545339087944
2011-07-17 19:15:01,0.553533960498
2011-07-17 20:15:01,0.548774325402
2011-07-17 21:15:01,0.538358082874
2011-07-17 22:15:01,0.53644178623
2011-07-17 23:15:01,0.534592977484
2011-07-18 00:15:01,0.512258339014
2011-07-18 01:15:01,0.566221756929
2011-07-18 02:15:01,0.522523408729
2011-07-18 03:15:01,0.471140262255
2011-07-18 04:15:01,0.427749227361
2011-07-18 05:15:01,0.389042222628
2011-07-18 06:15:01,0.383151727687
2011-07-18 07:15:01,0.431656005927
2011-07-18 08:15:01,0.450789800048
2011-07-18 09:15:01,0.5792293685509999
2011-07-18 10:15:01,0.6195568400770001
2011-07-18 11:15:01,0.7233781745029999
2011-07-18 12:15:01,1.01502410409
2011-07-18 13:15:01,0.846268382728
2011-07-18 14:15:01,0.839328087923
2011-07-18 15:15:01,0.725356643836
2011-07-18 16:15:01,0.724121952079
2011-07-18 17:15:01,0.651006083675
2011-07-18 18:15:01,0.602683655851
2011-07-18 19:15:01,3.98507903983885
2011-07-18 20:15:01,0.562953513723
2011-07-18 21:15:01,0.515027143549
2011-07-18 22:15:01,0.51568420058
2011-07-18 23:15:01,0.520976591741
2011-07-19 00:15:01,0.443980609863
2011-07-19 01:15:01,0.616688653055
2011-07-19 02:15:01,0.543115927044
2011-07-19 03:15:01,0.453472535098
2011-07-19 04:15:01,0.42156878009
2011-07-19 05:15:01,4.065772562618676
2011-07-19 06:15:01,0.338454738679
2011-07-19 07:15:01,0.410903748263
2011-07-19 08:15:01,0.447593728971
2011-07-19 09:15:01,0.55913499836
2011-07-19 10:15:01,0.7196218109270001
2011-07-19 11:15:01,0.767196681645
2011-07-19 12:15:01,0.942294520548
2011-07-19 13:15:01,1.0032383212
2011-07-19 14:15:01,0.862942524284
2011-07-19 15:15:01,0.733837310024
2011-07-19 16:15:01,0.625142679429
2011-07-19 17:15:01,0.509370235269
2011-07-19 18:15:01,0.53930596467
2011-07-19 19:15:01,0.50644543215
2011-07-19 20:15:01,0.488141028621
2011-07-19 21:15:01,0.436814157173
2011-07-19 22:15:01,0.47635140278
2011-07-19 23:15:01,0.457919393325
2011-07-20 00:15:01,0.4295801077000001
2011-07-20 01:15:01,0.564498167608
2011-07-20 02:15:01,0.509544562716
2011-07-20 03:15:01,0.463203968782
2011-07-20 04:15:01,0.407072030767
2011-07-20 05:15:01,0.358862801122
2011-07-20 06:15:01,0.373697236561
2011-07-20 07:15:01,0.439205007516
2011-07-20 08:15:01,0.415318662475
2011-07-20 09:15:01,0.542676839911
2011-07-20 10:15:01,0.5758366396410001
2011-07-20 11:15:01,0.693750209668
2011-07-20 12:15:01,0.958649679038
2011-07-20 13:15:01,0.978838236235
2011-07-20 14:15:01,0.847355615316
2011-07-20 15:15:01,0.662280939932
2011-07-20 16:15:01,0.583318113117
2011-07-20 17:15:01,0.5337668523619999
2011-07-20 18:15:01,0.534896914979
2011-07-20 19:15:01,0.49444521527
2011-07-20 20:15:01,0.472729580661
2011-07-20 21:15:01,0.480673062305
2011-07-20 22:15:01,0.423097534834
2011-07-20 23:15:01,0.486307654948
2011-07-21 00:15:01,0.422066413938
2011-07-21 01:15:01,0.519997336916
2011-07-21 02:15:01,0.503462395529
2011-07-21 03:15:01,0.443251378533
2011-07-21 04:15:01,0.3841228519960001
2011-07-21 05:15:01,0.362461723631
2011-07-21 06:15:01,0.362696176533
2011-07-21 07:15:01,0.382357225458
2011-07-21 08:15:01,0.409054677065
2011-07-21 09:15:01,0.529625586473
2011-07-21 10:15:01,0.5752443829689999
2011-07-21 11:15:01,0.5888
2011-07-21 12:15:01,0.8477744077380001
2011-07-21 13:15:01,0.791340636411
2011-07-21 14:15:01,0.896465706439
2011-07-21 15:15:01,0.665230969614
2011-07-21 16:15:01,0.593758564712
2011-07-21 17:15:01,0.569387656299
2011-07-21 18:15:01,0.634304010683
2011-07-21 22:15:01,0.486431017698
2011-07-22 00:15:01,0.422591891003
2011-07-22 01:15:01,0.486913311221
2011-07-22 02:15:01,0.46735676419
2011-07-22 03:15:01,0.434363028666
2011-07-22 04:15:01,0.386714049044
2011-07-22 05:15:01,0.369504587288
2011-07-22 06:15:01,0.3975954548740001
2011-07-22 07:15:01,0.410352632737
2011-07-22 08:15:01,0.423393177227
2011-07-22 09:15:01,0.491140774627
2011-07-22 10:15:01,0.468621217473
2011-07-22 11:15:01,0.580554113678
2011-07-22 12:15:01,0.833853226071
2011-07-22 13:15:01,0.896172284725
2011-07-22 14:15:01,0.7677207888519999
2011-07-22 15:15:01,0.56208989333
2011-07-22 16:15:01,0.605598263972
2011-07-22 17:15:01,0.474154728687
2011-07-22 18:15:01,0.527754990429
2011-07-22 19:15:01,0.570643559125
2011-07-22 20:15:01,0.487113274889
2011-07-22 21:15:01,0.446442694765
2011-07-22 22:15:01,0.493629595145
2011-07-22 23:15:01,0.4165094325150001
2011-07-23 03:15:01,0.4714256111420001
2011-07-23 05:15:01,0.429440714477
2011-07-23 06:15:01,0.432265331459
2011-07-23 07:15:01,0.454228292268
2011-07-23 08:15:01,0.394017939728
2011-07-23 11:15:01,0.5244893503970001
2011-07-23 12:15:01,0.634432981899
2011-07-23 13:15:01,1.04193118459
2011-07-23 14:15:01,0.9002620741299999
2011-07-23 15:15:01,0.801925327328
2011-07-23 16:15:01,0.664488563101
2011-07-23 17:15:01,0.7469389164390001
2011-07-23 18:15:01,0.58430610608
2011-07-23 19:15:01,0.551052096356
2011-07-23 20:15:01,0.539589028335
2011-07-23 21:15:01,0.458878228066
2011-07-23 22:15:01,0.508391976452
2011-07-23 23:15:01,0.455166495807
2011-07-24 00:15:01,0.354592054203
2011-07-24 01:15:01,0.847647604173
2011-07-24 02:15:01,0.623232870952
2011-07-24 03:15:01,0.454925500145
2011-07-24 04:15:01,0.388240283175
2011-07-24 05:15:01,0.362204837798
2011-07-24 06:15:01,0.38663181282
2011-07-24 07:15:01,0.432720462465
2011-07-24 08:15:01,0.463825888665
2011-07-24 09:15:01,0.5587072312
2011-07-24 10:15:01,0.537009158919
2011-07-24 11:15:01,0.668545698278
2011-07-24 12:15:01,1.00081699346
2011-07-24 13:15:01,0.875236467932
2011-07-24 14:15:01,0.940858277968
2011-07-24 15:15:01,0.528411701639
2011-07-24 16:15:01,0.6546867814399999
2011-07-24 17:15:01,0.581666157293
2011-07-24 18:15:01,0.5143037317010001
2011-07-24 19:15:01,0.461928980193
2011-07-24 20:15:01,0.422771996885
2011-07-24 21:15:01,0.411778295097
2011-07-24 22:15:01,0.422908418695
2011-07-24 23:15:01,0.373979374279
2011-07-25 00:15:01,0.392288088245
2011-07-25 01:15:01,0.624979173708
2011-07-25 02:15:01,0.467264498355
2011-07-25 03:15:01,0.491341991342
2011-07-25 04:15:01,0.3809183820130001
2011-07-25 05:15:01,0.335816771323
2011-07-25 06:15:01,0.39575696898
2011-07-25 07:15:01,0.389068499632
2011-07-25 08:15:01,0.401918936275
2011-07-25 09:15:01,0.560098031871
2011-07-25 10:15:01,0.632278380734
2011-07-25 11:15:01,0.754956701996
2011-07-25 12:15:01,0.956091142046
2011-07-25 13:15:01,0.993110160026
2011-07-25 14:15:01,0.8973254468299999
2011-07-25 15:15:01,0.677849823197
2011-07-25 16:15:01,0.6128050522199999
2011-07-25 17:15:01,0.554349758464
2011-07-25 18:15:01,0.455914446791
2011-07-25 19:15:01,0.464386331397
2011-07-25 20:15:01,0.401464711746
2011-07-25 21:15:01,0.359988588258
2011-07-25 22:15:01,0.403315849798
2011-07-25 23:15:01,0.396394253289
2011-07-26 00:15:01,0.34582929426200004
2011-07-26 01:15:01,0.458796101136
2011-07-26 02:15:01,0.478773805802
2011-07-26 03:15:01,0.398860697414
2011-07-26 04:15:01,0.44840088318
2011-07-26 05:15:01,0.323450423714
2011-07-26 06:15:01,0.365505482974
2011-07-26 07:15:01,0.394108235626
2011-07-26 08:15:01,0.441997940672
2011-07-26 09:15:01,0.5249003557190001
2011-07-26 10:15:01,0.691827625706
2011-07-26 11:15:01,0.796475686699
2011-07-26 12:15:01,0.843537414966
2011-07-26 13:15:01,0.861174539371
2011-07-26 14:15:01,0.86726415966
2011-07-26 15:15:01,0.541147669817
2011-07-26 16:15:01,0.620446859419
2011-07-26 17:15:01,0.525748138561
2011-07-26 19:15:01,0.484852616211
2011-07-26 20:15:01,0.484225645719
2011-07-26 21:15:01,0.396638624414
2011-07-26 22:15:01,0.422340743999
2011-07-26 23:15:01,0.347862423243
2011-07-27 00:15:01,0.35565125327200003
2011-07-27 01:15:01,0.472819637318
2011-07-27 02:15:01,0.42465090411
2011-07-27 05:15:01,0.369590666017
2011-07-27 06:15:01,0.341975423207
2011-07-27 07:15:01,0.385071903859
2011-07-27 08:15:01,0.449638417028
2011-07-27 09:15:01,0.485024107731
2011-07-27 10:15:01,0.5038804857020001
2011-07-27 11:15:01,0.6498754680259999
2011-07-27 12:15:01,0.900444803882
2011-07-27 13:15:01,0.921812066603
2011-07-27 14:15:01,0.7992674349359999
2011-07-27 15:15:01,0.5669058795
2011-07-27 16:15:01,0.5924114941040001
2011-07-27 17:15:01,0.476107270232
2011-07-27 18:15:01,0.491887576287
2011-07-27 19:15:01,0.475071540278
2011-07-27 20:15:01,0.447284149613
2011-07-27 21:15:01,0.478995312103
2011-07-27 22:15:01,0.4431690674600001
2011-07-27 23:15:01,0.362373551562
2011-07-28 00:15:01,0.353371351895
2011-07-28 01:15:01,0.5002982357970001
2011-07-28 02:15:01,0.453735304062
2011-07-28 03:15:01,0.4449107887430001
2011-07-28 04:15:01,0.388427934987
2011-07-28 05:15:01,0.336372101252
2011-07-28 06:15:01,0.35685760054300003
2011-07-28 07:15:01,0.50117066916
2011-07-28 08:15:01,0.419210640281
2011-07-28 09:15:01,0.606202190542
2011-07-28 10:15:01,0.612685287889
2011-07-28 11:15:01,0.849234393404
2011-07-28 12:15:01,1.19378143801
2011-07-28 13:15:01,0.693728857663
2011-07-28 14:15:01,0.830594474462
2011-07-28 15:15:01,0.642496762959
2011-07-28 16:15:01,0.549461019164
2011-07-28 17:15:01,0.471706205502
2011-07-28 18:15:01,0.523558103174
2011-07-28 19:15:01,0.460153344327
2011-07-28 20:15:01,0.484955907773
2011-07-28 21:15:01,0.515769796423
2011-07-28 22:15:01,0.448284108066
2011-07-28 23:15:01,0.430648577052
2011-07-29 00:15:01,0.428464730929
2011-07-29 01:15:01,0.5038346348699999
2011-07-29 02:15:01,0.48908390281
2011-07-29 03:15:01,0.430424920234
2011-07-29 04:15:01,0.421459720562
2011-07-29 05:15:01,0.38182361723
2011-07-29 06:15:01,0.414216287201
2011-07-29 07:15:01,0.429408844655
2011-07-29 08:15:01,0.5361575004770001
2011-07-29 09:15:01,0.72305326685
2011-07-29 10:15:01,0.796266588887
2011-07-29 11:15:01,1.03498390948
2011-07-29 12:15:01,1.10071677602
2011-07-29 13:15:01,0.980824921978
2011-07-29 14:15:01,1.00210466131
2011-07-29 15:15:01,0.7349116822589999
2011-07-29 16:15:01,0.756412897909
2011-07-29 17:15:01,0.59817101608
2011-07-29 18:15:01,0.6739760286059999
2011-07-29 19:15:01,0.649754020916
2011-07-29 20:15:01,0.592631426905
2011-07-29 21:15:01,0.65991491423
2011-07-29 22:15:01,0.626581379568
2011-07-29 23:15:01,0.578915126635
2011-07-30 00:15:01,0.608687044547
2011-07-30 01:15:01,0.670799943403
2011-07-30 02:15:01,0.640060585538
2011-07-30 03:15:01,0.659653508315
2011-07-30 04:15:01,0.475267844485
2011-07-30 05:15:01,0.512949516523
2011-07-30 06:15:01,0.524415858356
2011-07-30 07:15:01,0.5740657999409999
2011-07-30 08:15:01,0.568731977426
2011-07-30 09:15:01,0.644472679623
2011-07-30 10:15:01,0.559871884315
2011-07-30 11:15:01,0.969953850686
2011-07-30 12:15:01,1.07140826653
2011-07-30 13:15:01,1.03096993273
2011-07-30 14:15:01,0.937015144758
2011-07-30 15:15:01,0.819120085845
2011-07-30 16:15:01,0.683689190651
2011-07-30 17:15:01,0.535112398674
2011-07-30 20:15:01,0.576377992756
2011-07-30 21:15:01,0.553529713893
2011-07-30 22:15:01,0.523731134272
2011-07-30 23:15:01,3.967955158410685
2011-07-31 00:15:01,0.439294307061
2011-07-31 01:15:01,0.6483902496549999
2011-07-31 02:15:01,0.581880306629
2011-07-31 04:15:01,0.529118257924
2011-07-31 05:15:01,0.485536149182
2011-07-31 06:15:01,0.500015487422
2011-07-31 07:15:01,0.51460008046
2011-07-31 08:15:01,0.533621281078
2011-07-31 09:15:01,0.682004403246
2011-07-31 10:15:01,0.630815315617
2011-07-31 11:15:01,0.851473399697
2011-07-31 12:15:01,1.02661392802
2011-07-31 13:15:01,1.29937784256
2011-07-31 14:15:01,0.901679325483
2011-07-31 15:15:01,0.8327240976160001
2011-07-31 16:15:01,0.677929487521
2011-07-31 17:15:01,0.635344512686
2011-07-31 18:15:01,0.541728069495
2011-07-31 19:15:01,0.557364618123
2011-07-31 20:15:01,0.611843812083
2011-07-31 21:15:01,0.5232882827790001
2011-07-31 23:15:01,0.5183643127750001
2011-08-01 00:15:01,0.498728225752
2011-08-01 03:15:01,0.576555937381
2011-08-01 05:15:01,0.554290565277
2011-08-01 06:15:01,0.4760108610230001
2011-08-01 07:15:01,0.449696671034
2011-08-01 08:15:01,0.5517432103050001
2011-08-01 09:15:01,0.756095103768
2011-08-01 10:15:01,0.734396138798
2011-08-01 11:15:01,0.8464585558419999
2011-08-01 12:15:01,1.1775573547
2011-08-01 13:15:01,0.780463324214
2011-08-01 14:15:01,1.00941909107
2011-08-01 15:15:01,0.819694770134
2011-08-01 16:15:01,0.7642232822660001
2011-08-01 17:15:01,0.663092200538
2011-08-01 18:15:01,0.653564393467
2011-08-01 20:15:01,0.577674184768
2011-08-01 21:15:01,0.5448836326600001
2011-08-01 23:15:01,0.531751330342
2011-08-02 00:15:01,0.574685145904
2011-08-02 01:15:01,0.635687697157
2011-08-02 02:15:01,0.5885302618899999
2011-08-02 03:15:01,0.466300750966
2011-08-02 05:15:01,0.426776142971
2011-08-02 06:15:01,0.431905267695
2011-08-02 07:15:01,0.486788508189
2011-08-02 08:15:01,0.520916021747
2011-08-02 09:15:01,0.6311129231679999
2011-08-02 10:15:01,0.7879056641809999
2011-08-02 11:15:01,1.15101155113
2011-08-02 12:15:01,1.40471250275
2011-08-02 13:15:01,0.919172005914
2011-08-02 14:15:01,0.930289680113
2011-08-02 15:15:01,0.911233169005
2011-08-02 16:15:01,0.5621519515250001
2011-08-02 18:15:01,0.645033038997
2011-08-02 19:15:01,0.648685752389
2011-08-02 20:15:01,0.541655156634
2011-08-02 21:15:01,0.629047798928
2011-08-02 22:15:01,0.70048738269
2011-08-02 23:15:01,0.53379122543
2011-08-03 00:15:01,0.4404447223040001
2011-08-03 01:15:01,0.719683930527
2011-08-03 02:15:01,0.7109979405339999
2011-08-03 03:15:01,0.594979361314
2011-08-03 04:15:01,0.449055478674
2011-08-03 05:15:01,0.477755007181
2011-08-03 06:15:01,0.503697983752
2011-08-03 07:15:01,0.600102091293
2011-08-03 08:15:01,0.561552932585
2011-08-03 09:15:01,0.7941987795700001
2011-08-03 10:15:01,0.785667933624
2011-08-03 11:15:01,1.13982041415
2011-08-03 12:15:01,1.1910341666700002
2011-08-03 13:15:01,1.17852075751
2011-08-03 14:15:01,0.75004468933
2011-08-03 15:15:01,0.817874388891
2011-08-03 17:15:01,0.722743200455
2011-08-03 18:15:01,0.584243911365
2011-08-03 19:15:01,0.62690718902
2011-08-03 20:15:01,0.583636953993
2011-08-03 21:15:01,0.638105501939
2011-08-03 22:15:01,0.553943354236
2011-08-03 23:15:01,0.698302566298
2011-08-04 00:15:01,0.5859524618240001
2011-08-04 01:15:01,0.680807542384
2011-08-04 02:15:01,0.633855601382
2011-08-04 03:15:01,0.8206243172840001
2011-08-04 04:15:01,0.557292109026
2011-08-04 05:15:01,0.41470422161
2011-08-04 06:15:01,0.525180710389
2011-08-04 07:15:01,0.548682741313
2011-08-04 08:15:01,0.556389097274
2011-08-04 09:15:01,0.6718524127490001
2011-08-04 10:15:01,0.8159937140019999
2011-08-04 11:15:01,0.893970122675
2011-08-04 12:15:01,1.08664281817
2011-08-04 13:15:01,1.1229869631899998
2011-08-04 14:15:01,0.95005399809
2011-08-04 16:15:01,0.7159506609790001
2011-08-04 17:15:01,0.795825740766
2011-08-04 18:15:01,0.647634508959
2011-08-04 19:15:01,0.5556977693190001
2011-08-04 20:15:01,1.42072295982
2011-08-04 21:15:01,0.592265160479
2011-08-04 22:15:01,0.568243786567
2011-08-04 23:15:01,0.604767739087
2011-08-05 00:15:01,0.555048814747
2011-08-05 01:15:01,0.686409550046
2011-08-05 02:15:01,0.6645020439930001
2011-08-05 03:15:01,0.751783059049
2011-08-05 04:15:01,0.536707916534
2011-08-05 05:15:01,0.584625706011
2011-08-05 06:15:01,0.543533656374
2011-08-05 07:15:01,0.541778547457
2011-08-05 08:15:01,0.611421644746
2011-08-05 09:15:01,0.726964468474
2011-08-05 10:15:01,0.8029527238519999
2011-08-05 11:15:01,1.0420973625
2011-08-05 12:15:01,1.05794478293
2011-08-05 13:15:01,1.14759081927
2011-08-05 14:15:01,0.995947810883
2011-08-05 15:15:01,0.8379241461779999
2011-08-05 17:15:01,0.639849442198
2011-08-05 19:15:01,0.676064732772
2011-08-05 20:15:01,0.543911542172
2011-08-05 21:15:01,0.577292345427
2011-08-05 22:15:01,0.543720793978
2011-08-05 23:15:01,0.574428235604
2011-08-06 00:15:01,0.5366949382289999
2011-08-06 01:15:01,0.7212423723370001
2011-08-06 02:15:01,0.719180486143
2011-08-06 03:15:01,0.664986357941
2011-08-06 04:15:01,0.6751078297959999
2011-08-06 05:15:01,0.568417908432
2011-08-06 06:15:01,0.560745261334
2011-08-06 07:15:01,0.5897841425029999
2011-08-06 08:15:01,0.675166106392
2011-08-06 09:15:01,0.713929339861
2011-08-06 10:15:01,0.7205252479709999
2011-08-06 11:15:01,0.973101693998
2011-08-06 12:15:01,1.04109900091
2011-08-06 13:15:01,1.10076528064
2011-08-06 15:15:01,0.8582811432619999
2011-08-06 16:15:01,0.718258734174
2011-08-06 17:15:01,0.652482726953
2011-08-06 18:15:01,0.603126873225
2011-08-06 19:15:01,0.615980506115
2011-08-06 20:15:01,0.518617271676
2011-08-06 21:15:01,0.6120841860980001
2011-08-06 22:15:01,0.6041011793
2011-08-06 23:15:01,0.519409820872
2011-08-07 00:15:01,0.635188073777
2011-08-07 01:15:01,0.68608152933
2011-08-07 02:15:01,0.609118718996
2011-08-07 03:15:01,0.582622271093
2011-08-07 04:15:01,0.598422475252
2011-08-07 05:15:01,0.561157963103
2011-08-07 06:15:01,0.593355289604
2011-08-07 07:15:01,0.6230502357850001
2011-08-07 08:15:01,0.6873738506389999
2011-08-07 09:15:01,0.665167658556
2011-08-07 10:15:01,0.849833024706
2011-08-07 11:15:01,0.946772757303
2011-08-07 12:15:01,1.05214350573
2011-08-07 13:15:01,1.49678514312
2011-08-07 14:15:01,0.867744078979
2011-08-07 15:15:01,0.819632696943
2011-08-07 16:15:01,0.74004421129
2011-08-07 17:15:01,0.7052761787880001
2011-08-07 18:15:01,0.648443555101
2011-08-07 19:15:01,0.55609604234
2011-08-07 20:15:01,0.624781661692
2011-08-07 21:15:01,0.605392560095
2011-08-07 22:15:01,0.5683488853549999
2011-08-07 23:15:01,0.548749163255
2011-08-08 00:15:01,0.606434621799
2011-08-08 01:15:01,0.646378233592
2011-08-08 02:15:01,0.580301698869
2011-08-08 03:15:01,0.565836250493
2011-08-08 04:15:01,0.569189356342
2011-08-08 05:15:01,0.538710969129
2011-08-08 06:15:01,0.513768455929
2011-08-08 07:15:01,0.559171613811
2011-08-08 08:15:01,0.575195729644
2011-08-08 09:15:01,0.652947245764
2011-08-08 10:15:01,0.74503888758
2011-08-08 11:15:01,0.8575795546870001
2011-08-08 12:15:01,0.875553118504
2011-08-08 13:15:01,0.8549414136579999
2011-08-08 14:15:01,0.790767678673
2011-08-08 16:15:01,0.712741698358
2011-08-08 17:15:01,0.615699781863
2011-08-08 18:15:01,0.595200849764
2011-08-08 19:15:01,0.634719459996
2011-08-08 20:15:01,0.547550792253
2011-08-08 21:15:01,0.590809094235
2011-08-08 22:15:01,0.570679942692
2011-08-08 23:15:01,0.54153421526
2011-08-09 00:15:01,0.536134186043
2011-08-09 01:15:01,0.58694728119
2011-08-09 02:15:01,0.599060021738
2011-08-09 03:15:01,0.578157413533
2011-08-09 04:15:01,0.50181775834
2011-08-09 05:15:01,0.518201067593
2011-08-09 06:15:01,0.511505673511
2011-08-09 07:15:01,0.597075586726
2011-08-09 08:15:01,0.598728666922
2011-08-09 09:15:01,0.783646778861
2011-08-09 10:15:01,0.7886227221109999
2011-08-09 11:15:01,0.8631182448100001
2011-08-09 12:15:01,1.27301519137
2011-08-09 14:15:01,0.8840402579100001
2011-08-09 15:15:01,0.802570074162
2011-08-09 16:15:01,0.723815454876
2011-08-09 17:15:01,0.661586612293
2011-08-09 18:15:01,0.617642290617
2011-08-09 19:15:01,0.629898957434
2011-08-09 20:15:01,0.601685026205
2011-08-09 21:15:01,0.645256582208
2011-08-09 22:15:01,0.5901859644749999
2011-08-09 23:15:01,0.620264322455
2011-08-10 00:15:01,0.559184359065
2011-08-10 01:15:01,0.5901614804559999
2011-08-10 02:15:01,0.591462623116
2011-08-10 03:15:01,0.642369010583
2011-08-10 04:15:01,0.520049263822
2011-08-10 05:15:01,0.502427012098
2011-08-10 06:15:01,0.504466919255
2011-08-10 07:15:01,0.5062367269100001
2011-08-10 08:15:01,0.547044702758
2011-08-10 09:15:01,0.6241648772730001
2011-08-10 10:15:01,0.8214735919030001
2011-08-10 11:15:01,0.962219823481
2011-08-10 12:15:01,1.13254543144
2011-08-10 13:15:01,0.946045959158
2011-08-10 15:15:01,0.983489745003
2011-08-10 17:15:01,0.82094562393
2011-08-10 18:15:01,0.730903856743
2011-08-10 19:15:01,0.625206071634
2011-08-10 20:15:01,0.7311705795640001
2011-08-10 21:15:01,0.676400974391
2011-08-10 23:15:01,0.660492954703
2011-08-11 00:15:01,0.554590237895
2011-08-11 01:15:01,0.7157489688009999
2011-08-11 02:15:01,0.552449342809
2011-08-11 03:15:01,0.6088185638229999
2011-08-11 04:15:01,0.5653524523800001
2011-08-11 05:15:01,0.545612490685
2011-08-11 06:15:01,0.521651179882
2011-08-11 07:15:01,0.577066436906
2011-08-11 08:15:01,0.6493192014320001
2011-08-11 09:15:01,0.761580436424
2011-08-11 10:15:01,0.958909403592
2011-08-11 11:15:01,0.8790255930850001
2011-08-11 12:15:01,1.02881514616
2011-08-11 14:15:01,1.1279463830299998
2011-08-11 15:15:01,0.806395267298
2011-08-11 16:15:01,0.998546127412
2011-08-11 17:15:01,0.7975864254809999
2011-08-11 18:15:01,0.653892646469
2011-08-11 19:15:01,0.668489407469
2011-08-11 20:15:01,0.7047740595980001
2011-08-11 21:15:01,0.618160741346
2011-08-11 22:15:01,0.703522679277
2011-08-11 23:15:01,0.645565581113
2011-08-12 00:15:01,0.641368766824
2011-08-12 01:15:01,0.705282913257
2011-08-12 02:15:01,0.612891663325
2011-08-12 03:15:01,0.5956172388600001
2011-08-12 04:15:01,0.397505242902
2011-08-12 05:15:01,0.4334602526
2011-08-12 06:15:01,0.452638011815
2011-08-12 07:15:01,0.554466657955
2011-08-12 08:15:01,0.7624237455689999
2011-08-12 09:15:01,0.743389683572
2011-08-12 10:15:01,1.2398054085
2011-08-12 11:15:01,1.24785288471
2011-08-12 13:15:01,1.56976504958
2011-08-12 14:15:01,1.30445869153
2011-08-12 15:15:01,0.913389056971
2011-08-12 16:15:01,0.797229088648
2011-08-12 17:15:01,0.588670630441
2011-08-12 18:15:01,0.621693121693
2011-08-12 19:15:01,0.561822051743
2011-08-12 21:15:01,0.586936754634
2011-08-12 22:15:01,0.5104576004429999
2011-08-12 23:15:01,0.411906443438
2011-08-13 00:15:01,0.481140662888
2011-08-13 01:15:01,0.727249846188
2011-08-13 02:15:01,0.692740174194
2011-08-13 03:15:01,0.606669069316
2011-08-13 04:15:01,0.481597592012
2011-08-13 05:15:01,0.4522148715730001
2011-08-13 06:15:01,0.503423930085
2011-08-13 07:15:01,0.592080023871
2011-08-13 08:15:01,0.670440067671
2011-08-13 09:15:01,0.7813227342710001
2011-08-13 10:15:01,1.12155162029
2011-08-13 11:15:01,1.14461358314
2011-08-13 12:15:01,2.3458511804
2011-08-13 13:15:01,1.78017877028
2011-08-13 15:15:01,1.16344626108
2011-08-13 17:15:01,0.8036659085100001
2011-08-13 18:15:01,0.8353192938089999
2011-08-13 19:15:01,0.61608130586
2011-08-13 20:15:01,0.551187458629
2011-08-13 21:15:01,0.496627535469
2011-08-13 22:15:01,0.471666183154
2011-08-13 23:15:01,0.646252600178
2011-08-14 00:15:01,0.610524145889
2011-08-14 01:15:01,0.740457772665
2011-08-14 02:15:01,0.6764831291399999
2011-08-14 03:15:01,0.6999543225
2011-08-14 04:15:01,0.581878572182
2011-08-14 05:15:01,0.574517129817
2011-08-14 06:15:01,0.588103546132
2011-08-14 07:15:01,0.682825589466
2011-08-14 08:15:01,0.702503350973
2011-08-14 09:15:01,0.8116650711929999
2011-08-14 10:15:01,0.959159638626
2011-08-14 11:15:01,1.13891248326
2011-08-14 12:15:01,1.31995254103
2011-08-14 13:15:01,1.14913574749
2011-08-14 14:15:01,1.1739809772299998
2011-08-14 15:15:01,0.910558605102
2011-08-14 16:15:01,0.786068674769
2011-08-14 17:15:01,0.8096019497470001
2011-08-14 18:15:01,0.7554178401189999
2011-08-14 19:15:01,0.7491925536920001
2011-08-14 20:15:01,0.6655636241080001
2011-08-14 21:15:01,0.721558658688
2011-08-14 22:15:01,0.685192621577
2011-08-14 23:15:01,0.557077450057
2011-08-15 01:15:01,0.636081308305
2011-08-15 02:15:01,0.667131109384
2011-08-15 03:15:01,0.7350760570780001
2011-08-15 04:15:01,0.580668384959
2011-08-15 05:15:01,0.579281629473
2011-08-15 06:15:01,0.602451454238
2011-08-15 07:15:01,0.644382914486
2011-08-15 08:15:01,0.714276606054
2011-08-15 09:15:01,0.8489335181669999
2011-08-15 10:15:01,0.966559247715
2011-08-15 11:15:01,1.05050887436
2011-08-15 12:15:01,1.04251488078
2011-08-15 14:15:01,0.932878270762
2011-08-15 15:15:01,0.8267209199719999
2011-08-15 16:15:01,0.776904573404
2011-08-15 17:15:01,0.716201992703
2011-08-15 18:15:01,0.711605913562
2011-08-15 19:15:01,0.708530490055
2011-08-15 20:15:01,0.663736975075
2011-08-15 21:15:01,0.622400018566
2011-08-15 22:15:01,0.607611681058
2011-08-15 23:15:01,0.6110722811729999
2011-08-16 00:15:01,0.563604798437
2011-08-16 01:15:01,0.686922142397
2011-08-16 02:15:01,0.675897036319
2011-08-16 03:15:01,0.667313844917
2011-08-16 04:15:01,0.628226199954
2011-08-16 05:15:01,0.595912441675
2011-08-16 06:15:01,0.634416844861
2011-08-16 07:15:01,0.6858983361040001
2011-08-16 08:15:01,0.826101318279
2011-08-16 09:15:01,0.892529350396
2011-08-16 10:15:01,1.12081818742
2011-08-16 11:15:01,1.12547861639
2011-08-16 12:15:01,1.1217547423899998
2011-08-16 13:15:01,1.05128934078
2011-08-16 14:15:01,0.966681309319
2011-08-16 15:15:01,0.990511125266
2011-08-16 16:15:01,0.8797492529269999
2011-08-16 17:15:01,0.714478939876
2011-08-16 18:15:01,0.877238546553
2011-08-16 19:15:01,0.725744019401
2011-08-16 20:15:01,0.7617000554150001
2011-08-16 21:15:01,0.7147329261859999
2011-08-16 22:15:01,0.6768048634280001
2011-08-16 23:15:01,0.7114160212270001
2011-08-17 00:15:01,0.607743520633
2011-08-17 01:15:01,0.736028088655
2011-08-17 02:15:01,0.66488033209
2011-08-17 03:15:01,0.619237027662
2011-08-17 04:15:01,0.550742015432
2011-08-17 05:15:01,0.555550082264
2011-08-17 06:15:01,0.616679440644
2011-08-17 07:15:01,0.693236714976
2011-08-17 08:15:01,0.8104888105410001
2011-08-17 09:15:01,0.932629669333
2011-08-17 10:15:01,1.10551712253
2011-08-17 11:15:01,1.24432225675
2011-08-17 12:15:01,1.0775168200799998
2011-08-17 13:15:01,0.993365801281
2011-08-17 14:15:01,1.03636422863
2011-08-17 15:15:01,0.927039239851
2011-08-17 16:15:01,0.821436448207
2011-08-17 18:15:01,0.7626173992749999
2011-08-17 19:15:01,0.714061062878
2011-08-17 20:15:01,0.7356612013539999
2011-08-17 21:15:01,0.666658952973
2011-08-17 22:15:01,0.621769977351
2011-08-17 23:15:01,0.548446739751
2011-08-18 00:15:01,0.544978141492
2011-08-18 01:15:01,0.758639317537
2011-08-18 02:15:01,0.7323818985330001
2011-08-18 03:15:01,0.5706470477269999
2011-08-18 04:15:01,0.534028307408
2011-08-18 05:15:01,0.542765533075
2011-08-18 06:15:01,0.567515064457
2011-08-18 07:15:01,0.6835163700650001
2011-08-18 08:15:01,0.718008272579
2011-08-18 09:15:01,0.936216066342
2011-08-18 10:15:01,0.977670956737
2011-08-18 11:15:01,0.953869233654
2011-08-18 12:15:01,0.958412841486
2011-08-18 13:15:01,0.982262310647
2011-08-18 14:15:01,0.944170398835
2011-08-18 15:15:01,0.712214878216
2011-08-18 16:15:01,0.7792453176790001
2011-08-18 18:15:01,0.770476887313
2011-08-18 20:15:01,0.772785581145
2011-08-18 21:15:01,0.792569185776
2011-08-18 22:15:01,0.892232194744
2011-08-18 23:15:01,0.928590112477
2011-08-19 00:15:01,0.809001110711
2011-08-19 01:15:01,0.773142351037
2011-08-19 02:15:01,0.6836450089499999
2011-08-19 03:15:01,0.666356498685
2011-08-19 04:15:01,0.602663491936
2011-08-19 05:15:01,0.615586216743
2011-08-19 06:15:01,0.680106983428
2011-08-19 07:15:01,0.7154384737639999
2011-08-19 08:15:01,0.7783658494679999
2011-08-19 09:15:01,0.940738025415
2011-08-19 10:15:01,1.06431149513
2011-08-19 11:15:01,1.03322345475
2011-08-19 12:15:01,1.06920531499
2011-08-19 13:15:01,0.90248188841
2011-08-19 14:15:01,0.948048756512
2011-08-19 15:15:01,0.940754216038
2011-08-19 16:15:01,0.934222809879
2011-08-19 18:15:01,5.49754000266
2011-08-19 19:15:01,0.863326087315
2011-08-19 20:15:01,0.7032987380910001
2011-08-19 21:15:01,0.7136233263940001
2011-08-19 22:15:01,0.654695043258
2011-08-19 23:15:01,0.6741320381360001
2011-08-20 00:15:01,0.662703093534
2011-08-20 01:15:01,0.794094232044
2011-08-20 02:15:01,0.682984438197
2011-08-20 03:15:01,0.668096114705
2011-08-20 04:15:01,0.644444815845
2011-08-20 05:15:01,0.631821336803
2011-08-20 06:15:01,0.664079704752
2011-08-20 07:15:01,0.6918091125220001
2011-08-20 08:15:01,0.731047520971
2011-08-20 09:15:01,0.916183652659
2011-08-20 10:15:01,1.1261570106299998
2011-08-20 11:15:01,1.37892666256
2011-08-20 12:15:01,1.48058619127
2011-08-20 13:15:01,1.11576620573
2011-08-20 14:15:01,1.1013028338600002
2011-08-20 15:15:01,0.917978202373
2011-08-20 16:15:01,0.8686716261480001
2011-08-20 17:15:01,0.804527172255
2011-08-20 18:15:01,4.087256980047956
2011-08-20 19:15:01,0.6936288801739999
2011-08-20 20:15:01,0.713280266363
2011-08-20 21:15:01,0.6945231448100001
2011-08-20 22:15:01,0.676418731136
2011-08-20 23:15:01,0.7052106786750001
2011-08-21 00:15:01,0.693664559433
2011-08-21 01:15:01,0.741737529738
2011-08-21 02:15:01,0.7408672355979999
2011-08-21 03:15:01,0.7551556294059999
2011-08-21 04:15:01,0.6636110831490001
2011-08-21 05:15:01,0.6453701357980001
2011-08-21 06:15:01,0.649619761544
2011-08-21 07:15:01,0.7087225741200001
2011-08-21 08:15:01,0.692568813021
2011-08-21 09:15:01,0.739975603038
2011-08-21 10:15:01,1.07428499644
2011-08-21 11:15:01,1.2978304480299998
2011-08-21 12:15:01,1.18176109093
2011-08-21 13:15:01,1.29187384737
2011-08-21 15:15:01,0.937208385358
2011-08-21 16:15:01,0.91911195455
2011-08-21 17:15:01,0.755583102096
2011-08-21 18:15:01,0.7452704621449999
2011-08-21 19:15:01,0.710554099813
2011-08-21 20:15:01,0.658328261736
2011-08-21 21:15:01,0.7248031167450001
2011-08-21 22:15:01,0.705354280218
2011-08-21 23:15:01,0.689806462107
2011-08-22 00:15:01,0.60689583826
2011-08-22 01:15:01,0.651337689557
2011-08-22 02:15:01,0.62934487776
2011-08-22 03:15:01,0.6237291646600001
2011-08-22 04:15:01,0.577398944823
2011-08-22 05:15:01,0.572886854195
2011-08-22 06:15:01,0.594058752156
2011-08-22 07:15:01,0.582907570831
2011-08-22 08:15:01,0.7342166954430001
2011-08-22 09:15:01,0.806454982244
2011-08-22 10:15:01,0.969068717606
2011-08-22 11:15:01,3.953261602542831
2011-08-22 12:15:01,0.890577507599
2011-08-22 13:15:01,0.972369871643
2011-08-22 15:15:01,0.8304082863169999
2011-08-22 16:15:01,0.790874543276
2011-08-22 17:15:01,0.8680332397480001
2011-08-22 18:15:01,0.753268013611
2011-08-22 19:15:01,0.7534109687199999
2011-08-22 20:15:01,0.723666685969
2011-08-22 21:15:01,0.641627543036
2011-08-22 22:15:01,0.7937132730769999
2011-08-22 23:15:01,0.778934874729
2011-08-23 00:15:01,0.710999652634
2011-08-23 01:15:01,0.703201657157
2011-08-23 02:15:01,0.669306023229
2011-08-23 03:15:01,0.623246944026
2011-08-23 04:15:01,0.59842770237
2011-08-23 05:15:01,0.6186257615649999
2011-08-23 06:15:01,0.673907341691
2011-08-23 07:15:01,0.776481358143
2011-08-23 08:15:01,0.904231856983
2011-08-23 09:15:01,1.2938379235200002
2011-08-23 10:15:01,1.13551430877
2011-08-23 11:15:01,1.0251356609
2011-08-23 12:15:01,1.18905411994
2011-08-23 13:15:01,1.27127243107
2011-08-23 14:15:01,1.15911742747
2011-08-23 16:15:01,1.05845536275
2011-08-23 17:15:01,0.926634493627
2011-08-23 18:15:01,0.7769189701360001
2011-08-23 19:15:01,0.928010146312
2011-08-23 20:15:01,0.838158380029
2011-08-23 21:15:01,0.8198624640090001
2011-08-23 22:15:01,0.69970306261
2011-08-23 23:15:01,0.8423833536990001
2011-08-24 00:15:01,0.792468794781
2011-08-24 01:15:01,0.713359095889
2011-08-24 02:15:01,0.7041359491920001
2011-08-24 03:15:01,0.641155335986
2011-08-24 04:15:01,0.634568795601
2011-08-24 05:15:01,0.645873833534
2011-08-24 06:15:01,0.6590434368
2011-08-24 07:15:01,0.812906195196
2011-08-24 08:15:01,0.881111571307
2011-08-24 09:15:01,1.24918386562
2011-08-24 10:15:01,1.36501420903
2011-08-24 11:15:01,1.95241011285
2011-08-24 12:15:01,1.5469791226299998
2011-08-24 13:15:01,1.5651661815
2011-08-24 15:15:01,1.22446525543
2011-08-24 16:15:01,1.1562087199
2011-08-24 17:15:01,1.33774834437
2011-08-24 18:15:01,1.03148188994
2011-08-24 19:15:01,0.935049971832
2011-08-24 20:15:01,0.7111968956170001
2011-08-24 21:15:01,0.767570958313
2011-08-24 22:15:01,0.7359549075130001
2011-08-24 23:15:01,0.77345193875
2011-08-25 00:15:01,0.692628331902
2011-08-25 01:15:01,0.824416895061
2011-08-25 02:15:01,0.730707604827
2011-08-25 03:15:01,0.715088082545
2011-08-25 04:15:01,0.744875421318
2011-08-25 05:15:01,0.7374887430850001
2011-08-25 06:15:01,0.717183548371
2011-08-25 07:15:01,0.8336241026219999
2011-08-25 08:15:01,0.953373503323
2011-08-25 09:15:01,1.31115307189
2011-08-25 10:15:01,1.16843727867
2011-08-25 11:15:01,1.0374018924
2011-08-25 12:15:01,1.07353824758
2011-08-25 13:15:01,1.18426544594
2011-08-25 15:15:01,0.81995711885
2011-08-25 16:15:01,1.08679580518
2011-08-25 17:15:01,1.2173424085
2011-08-25 18:15:01,1.00456228294
2011-08-25 19:15:01,1.03477665107
2011-08-25 20:15:01,0.948686262348
2011-08-25 21:15:01,0.993665532552
2011-08-25 22:15:01,0.903960473484
2011-08-25 23:15:01,0.788313159199
2011-08-26 00:15:01,0.7985565587569999
2011-08-26 01:15:01,0.734166131373
2011-08-26 02:15:01,0.7426386158149999
2011-08-26 03:15:01,0.6758743895810001
2011-08-26 04:15:01,0.7058179898829999
2011-08-26 05:15:01,0.7272323962989999
2011-08-26 06:15:01,0.7533569121520001
2011-08-26 07:15:01,0.875354972671
2011-08-26 08:15:01,0.925335068588
2011-08-26 10:15:01,1.19420541076
2011-08-26 11:15:01,0.8513305052060001
2011-08-26 12:15:01,1.3113050993200002
2011-08-26 13:15:01,1.18812702098
2011-08-26 14:15:01,1.10183903133
2011-08-26 15:15:01,1.05379013513
2011-08-26 16:15:01,1.07217664514
2011-08-26 17:15:01,0.789734929311
2011-08-26 18:15:01,0.890166131849
2011-08-26 19:15:01,0.920508307487
2011-08-26 20:15:01,0.950929806345
2011-08-26 21:15:01,0.8221024064110001
2011-08-26 22:15:01,0.826540433576
2011-08-26 23:15:01,0.791927711761
2011-08-27 00:15:01,0.702807204893
2011-08-27 01:15:01,0.864523887721
2011-08-27 02:15:01,0.809851903585
2011-08-27 03:15:01,0.758690430787
2011-08-27 04:15:01,0.8067783162800001
2011-08-27 05:15:01,0.6880497704530001
2011-08-27 06:15:01,0.8196898052399999
2011-08-27 07:15:01,0.8214426947939999
2011-08-27 08:15:01,1.06152614064
2011-08-27 09:15:01,1.4431749133200005
2011-08-27 10:15:01,1.22704597643
2011-08-27 11:15:01,1.58093752585
2011-08-27 12:15:01,1.5185814236500002
2011-08-27 13:15:01,1.0628445424500002
2011-08-27 14:15:01,1.29828215868
2011-08-27 15:15:01,1.17357031987
2011-08-27 16:15:01,0.938417521965
2011-08-27 17:15:01,0.719759087413
2011-08-27 18:15:01,0.793253640139
2011-08-27 19:15:01,0.821043529075
2011-08-27 20:15:01,0.77728705129
2011-08-27 21:15:01,0.7610119051950001
2011-08-27 22:15:01,0.794456554147
2011-08-27 23:15:01,0.7151077701399999
2011-08-28 00:15:01,0.6701006403809999
2011-08-28 01:15:01,0.54761579658
2011-08-28 17:15:01,0.849284090378
2011-08-28 18:15:01,0.8524766099259999
2011-08-28 19:15:01,0.8053052805519999
2011-08-28 20:15:01,0.889728282553
2011-08-28 21:15:01,4.023191709307758
2011-08-28 22:15:01,0.685767835952
2011-08-28 23:15:01,0.726981575893
2011-08-29 00:15:01,0.645975352581
2011-08-29 01:15:01,0.7775341428939999
2011-08-29 02:15:01,0.723113114405
2011-08-29 03:15:01,0.8319052148839999
2011-08-29 04:15:01,0.674230251552
2011-08-29 05:15:01,0.7141508198700001
2011-08-29 06:15:01,0.795823883546
2011-08-29 07:15:01,0.853323981424
2011-08-29 08:15:01,1.0363851094499998
2011-08-29 09:15:01,1.16972027756
2011-08-29 10:15:01,1.37015829137
2011-08-29 11:15:01,1.19479416172
2011-08-29 12:15:01,1.50872750294
2011-08-29 13:15:01,1.25480461243
2011-08-29 14:15:01,1.18351258787
2011-08-29 15:15:01,0.838183770344
2011-08-29 16:15:01,1.05843861494
2011-08-29 17:15:01,1.1154608336
2011-08-29 18:15:01,0.87860810131
2011-08-29 19:15:01,1.09936880724
2011-08-29 20:15:01,0.8708531870899999
2011-08-29 21:15:01,0.8435966284440001
2011-08-29 22:15:01,0.777040471902
2011-08-29 23:15:01,0.688557936796
2011-08-30 00:15:01,0.697836804319
2011-08-30 01:15:01,0.7712171217120001
2011-08-30 02:15:01,0.694660626848
2011-08-30 03:15:01,0.786323057256
2011-08-30 04:15:01,0.654660190687
2011-08-30 05:15:01,0.72306000212
2011-08-30 06:15:01,0.7746742107089999
2011-08-30 07:15:01,0.884858627959
2011-08-30 08:15:01,1.08493710832
2011-08-30 09:15:01,1.14704937346
2011-08-30 10:15:01,1.40645395214
2011-08-30 11:15:01,0.967981387104
2011-08-30 12:15:01,1.7537456460499998
2011-08-30 13:15:01,1.22262717456
2011-08-30 15:15:01,1.2477794358
2011-08-30 16:15:01,1.04428573933
2011-08-30 17:15:01,0.924926251082
2011-08-30 18:15:01,1.20389636883
2011-08-30 19:15:01,0.936448977169
2011-08-30 21:15:01,0.869768173712
2011-08-30 22:15:01,0.820539262738
2011-08-30 23:15:01,0.855369516046
2011-08-31 00:15:01,0.961147001986
2011-08-31 01:15:01,0.958316270557
2011-08-31 02:15:01,0.8147872740629999
2011-08-31 03:15:01,0.771593377122
2011-08-31 04:15:01,0.7662996577269999
2011-08-31 05:15:01,0.724229465703
2011-08-31 06:15:01,0.7928621953839999
2011-08-31 07:15:01,0.942622099425
2011-08-31 08:15:01,1.14142180366
2011-08-31 09:15:01,1.50385784428
2011-08-31 10:15:01,1.3298686952399998
2011-08-31 11:15:01,1.35511366926
2011-08-31 12:15:01,1.30690884147
2011-08-31 13:15:01,1.36129882778
2011-08-31 14:15:01,1.26118176226
2011-08-31 15:15:01,1.29325090898
2011-08-31 16:15:01,1.13162826786
2011-08-31 17:15:01,0.878180273521
2011-08-31 19:15:01,1.00724076188
2011-08-31 20:15:01,0.82977849928
2011-08-31 21:15:01,0.791770492231
2011-08-31 22:15:01,0.7764122185660001
2011-08-31 23:15:01,1.01967346467
2011-09-01 00:15:01,0.672524767707
2011-09-01 01:15:01,0.8054597919679999
2011-09-01 02:15:01,0.6977607080580001
2011-09-01 03:15:01,0.671198221878
2011-09-01 04:15:01,0.686612619056
2011-09-01 05:15:01,0.730138629699
2011-09-01 06:15:01,0.7731517509729999
2011-09-01 07:15:01,0.920818621438
2011-09-01 08:15:01,1.05974998234
2011-09-01 09:15:01,1.25720738674
2011-09-01 10:15:01,1.69107806691
2011-09-01 13:15:01,1.38872596255
2011-09-01 18:15:01,1.1847432592899998
2011-09-01 19:15:01,1.00755614801
2011-09-01 20:15:01,0.889925459781
2011-09-01 21:15:01,0.879357863581
2011-09-01 22:15:01,0.813560856853
2011-09-01 23:15:01,0.668334950547
2011-09-02 00:15:01,0.634700519233
2011-09-02 01:15:01,0.710229977153
2011-09-02 02:15:01,0.697412833033
2011-09-02 03:15:01,0.7252192176250001
2011-09-02 04:15:01,0.60871199833
2011-09-02 05:15:01,0.636974122101
2011-09-02 06:15:01,0.841129477074
2011-09-02 07:15:01,0.771209479568
2011-09-02 08:15:01,1.0262723594499998
2011-09-02 09:15:01,1.3839161599899998
2011-09-02 10:15:01,1.70182048664
2011-09-02 11:15:01,1.30911498665
2011-09-02 12:15:01,1.44916720916
2011-09-02 13:15:01,1.10994932226
2011-09-02 14:15:01,1.20104749435
2011-09-02 15:15:01,1.0046158122700002
2011-09-02 16:15:01,1.24974971635
2011-09-02 17:15:01,0.930537334322
2011-09-02 18:15:01,0.6966742353409999
2011-09-02 19:15:01,1.90695503664
2011-09-02 20:15:01,1.14246709184
2011-09-02 21:15:01,1.11277858928
2011-09-02 22:15:01,0.694990722636
2011-09-02 23:15:01,1.1243682848999998
2011-09-03 00:15:01,1.63223166525
2011-09-03 01:15:01,1.1262142113200002
2011-09-03 02:15:01,1.22375614029
2011-09-03 03:15:01,0.8363087432649999
2011-09-03 04:15:01,0.764508533837
2011-09-03 05:15:01,0.8248461083390001
2011-09-03 06:15:01,0.858898956181
2011-09-03 07:15:01,1.06302492473
2011-09-03 08:15:01,1.40538621285
2011-09-03 09:15:01,1.7445906463299998
2011-09-03 10:15:01,2.03489870008
2011-09-03 11:15:01,1.93540664402
2011-09-03 12:15:01,2.27425030493
2011-09-03 13:15:01,2.14033402306
2011-09-03 14:15:01,1.77426028471
2011-09-03 15:15:01,1.25941144301
2011-09-03 16:15:01,1.02897679946
2011-09-03 17:15:01,0.924615076404
2011-09-03 18:15:01,0.909732905845
2011-09-03 19:15:01,0.869216123697
2011-09-03 20:15:01,0.5412957402530001
2011-09-03 21:15:01,1.1777566405
2011-09-03 22:15:01,1.13735222856
2011-09-03 23:15:01,0.890667031052
2011-09-04 00:15:01,0.610490083267
2011-09-04 01:15:01,0.909803400811
2011-09-04 02:15:01,0.997966281743
2011-09-04 03:15:01,0.7600972265289999
2011-09-04 04:15:01,0.695617328423
2011-09-04 05:15:01,0.756014604219
2011-09-04 06:15:01,0.79008464589
2011-09-04 07:15:01,0.917348874571
2011-09-04 08:15:01,1.13719366386
2011-09-04 09:15:01,1.42018674399
2011-09-04 10:15:01,1.62974773646
2011-09-04 11:15:01,2.39951967225
2011-09-04 12:15:01,1.90579824839
2011-09-04 13:15:01,1.41094529283
2011-09-04 14:15:01,1.51420659222
2011-09-04 15:15:01,0.907680196378
2011-09-04 16:15:01,0.949640701076
2011-09-04 17:15:01,0.8534795450720001
2011-09-04 19:15:01,0.734071967028
2011-09-04 21:15:01,0.664832645575
2011-09-04 22:15:01,0.751175591232
2011-09-04 23:15:01,0.699932102092
2011-09-05 00:15:01,0.5120070825190001
2011-09-05 01:15:01,0.768525925193
2011-09-05 02:15:01,0.720969190212
2011-09-05 03:15:01,0.8346408385169999
2011-09-05 04:15:01,0.627736806898
2011-09-05 05:15:01,0.6512031120530001
2011-09-05 06:15:01,0.8308264370389999
2011-09-05 07:15:01,0.7087975282260001
2011-09-05 08:15:01,0.914809516084
2011-09-05 09:15:01,1.1916367463600002
2011-09-05 10:15:01,1.64855351909
2011-09-05 11:15:01,1.75118246316
2011-09-05 12:15:01,2.23766160764
2011-09-05 13:15:01,1.66328470303
2011-09-05 15:15:01,0.832920669506
2011-09-05 17:15:01,0.933893576278
2011-09-05 18:15:01,0.689506085719
2011-09-05 19:15:01,0.768903526829
2011-09-05 20:15:01,0.6989048867190001
2011-09-05 21:15:01,0.681318152131
2011-09-05 22:15:01,0.570423466165
2011-09-05 23:15:01,0.63045223235
2011-09-06 01:15:01,0.614224788781
2011-09-06 02:15:01,0.655868229912
2011-09-06 03:15:01,0.6934363520569999
2011-09-06 04:15:01,0.611312925873
2011-09-06 05:15:01,0.8078276920440001
2011-09-06 06:15:01,0.653708482915
2011-09-06 07:15:01,0.937306761036
2011-09-06 08:15:01,1.3410835812100002
2011-09-06 09:15:01,1.47226847333
2011-09-06 10:15:01,1.72638563622
2011-09-06 11:15:01,1.3196855493
2011-09-06 12:15:01,1.262905036
2011-09-06 14:15:01,1.2017614271
2011-09-06 15:15:01,1.10625236699
2011-09-06 16:15:01,1.45940072715
2011-09-06 17:15:01,1.09848556824
2011-09-06 18:15:01,0.953394382083
2011-09-06 19:15:01,0.8788637842749999
2011-09-06 20:15:01,1.12067995176
2011-09-06 21:15:01,0.991837847317
2011-09-06 22:15:01,0.8316659334190001
2011-09-06 23:15:01,0.60047251793
2011-09-07 00:15:01,0.555876363857
2011-09-07 01:15:01,0.823805154231
2011-09-07 02:15:01,0.678606401328
2011-09-07 03:15:01,0.6875140961730001
2011-09-07 04:15:01,0.657496548202
2011-09-07 05:15:01,0.75337310206
2011-09-07 06:15:01,0.8787691939
2011-09-07 07:15:01,1.1431288303899998
2011-09-07 08:15:01,1.15805690626
2011-09-07 09:15:01,1.6343676487099998
2011-09-07 10:15:01,1.7497551754799998
2011-09-07 11:15:01,2.01440045625
2011-09-07 12:15:01,1.4939635650299998
2011-09-07 13:15:01,0.908472003661
2011-09-07 14:15:01,1.34644468314
